UTC0;Input0;134_0;76_0;125_0 (Info_to_ignore: TickSize: 0.01 PointValue: 1000)
1/4/2019 11:00:00 AM;48.69;0.478260869565217;71.577410847429;2.31140996007563
1/4/2019 12:00:00 PM;48.88;0.434782608695652;73.8896572573499;2.71065349863416
1/4/2019 1:00:00 PM;48.63;0.391304347826087;66.2523091310738;2.18533305316243
1/4/2019 1:47:00 PM;48.79;0.357246376811594;68.4966090565482;2.52153813826433
1/4/2019 2:29:00 PM;48.83;0.326811594202899;69.0507392376276;2.60558940953981
1/4/2019 2:46:00 PM;49.52;0.314492753623188;76.6730446099636;4.05547383904181
1/4/2019 3:22:00 PM;49.34;0.288405797101449;71.7113283112571;3.67724311830216
1/4/2019 3:52:00 PM;49.62;0.266666666666667;74.4780948774594;4.2656020172305
1/4/2019 4:13:00 PM;49.39;0.251449275362319;68.5474017933958;3.78230720739651
1/4/2019 4:25:00 PM;48.62;0.242753623188406;53.2574851396666;2.16432023534355
1/4/2019 4:40:00 PM;48.84;0.231884057971015;56.2595107667291;2.62660222735869
1/4/2019 5:20:00 PM;48.69;0.202898550724638;53.7259034228452;2.31140996007563
1/4/2019 6:17:00 PM;48.72;0.161594202898551;54.1704361716133;2.37444841353225
1/4/2019 7:17:00 PM;48.71;0.118115942028986;53.9842718342756;2.35343559571338
1/4/2019 8:17:00 PM;48.88;0.0746376811594203;56.7080687345132;2.71065349863416
1/4/2019 9:17:00 PM;48.88;0.0311594202898551;56.7080687345132;2.71065349863416
1/4/2019 10:00:00 PM;49;0;58.7089707533742;2.96280731246059
1/7/2019 12:00:00 AM;49.29;0.956521739130435;63.1424689619933;0.612369871402321
1/7/2019 1:00:00 AM;49.29;0.91304347826087;63.1424689619933;0.612369871402321
1/7/2019 2:00:00 AM;49.17;0.869565217391304;60.0482990842764;0.367421922841396
1/7/2019 3:00:00 AM;49.33;0.826086956521739;62.6746338981021;0.694019187589296
1/7/2019 4:00:00 AM;49.37;0.782608695652174;63.3237530120095;0.775668503776272
1/7/2019 5:00:00 AM;49.35;0.739130434782609;62.7362721572804;0.734843845682791
1/7/2019 6:00:00 AM;49.41;0.695652173913043;63.8206818422382;0.857317819963247
1/7/2019 7:00:00 AM;49.45;0.652173913043478;64.5611061541882;0.938967136150236
1/7/2019 8:00:00 AM;49.55;0.608695652173913;66.4117884263629;1.14309042661767
1/7/2019 9:00:00 AM;49.54;0.565217391304348;66.0403849312256;1.12267809757093
1/7/2019 10:00:00 AM;49.66;0.521739130434783;68.3292740691981;1.36762604613185
1/7/2019 11:00:00 AM;49.97;0.478260869565217;73.3301657425375;2.00040824658093
1/7/2019 12:00:00 PM;49.87;0.434782608695652;69.5168521878579;1.79628495611348
1/7/2019 1:00:00 PM;49.58;0.391304347826087;59.804269642913;1.2043274137579
1/7/2019 2:00:00 PM;49.85;0.347826086956522;64.7432505103454;1.75546029802
1/7/2019 2:15:00 PM;49.19;0.33695652173913;48.9196415888809;0.408246580934876
1/7/2019 2:50:00 PM;49.47;0.311594202898551;54.0505061628295;0.979791794243717
1/7/2019 3:16:00 PM;49.98;0.292753623188406;61.6137649758453;2.02082057562767
1/7/2019 3:42:00 PM;49.94;0.273913043478261;60.7689061447554;1.93917125944069
1/7/2019 4:02:00 PM;50.33;0.259420289855072;65.7064219556168;2.73525209226372
1/7/2019 4:31:00 PM;50;0.238405797101449;58.9461028595947;2.06164523372116
1/7/2019 5:09:00 PM;49.77;0.210869565217391;54.7203253463182;1.59216166564605
1/7/2019 6:09:00 PM;49.84;0.167391304347826;55.759822438741;1.73504796897326
1/7/2019 7:09:00 PM;49.5;0.123913043478261;49.7818172481884;1.04102878138395
1/7/2019 7:40:00 PM;49.25;0.101449275362319;45.8863116641551;0.530720555215346
1/7/2019 8:40:00 PM;49.29;0.0579710144927536;46.6062383459291;0.612369871402321
1/7/2019 9:40:00 PM;49.36;0.0144927536231884;47.9122277372997;0.755256174729531
1/7/2019 10:00:00 PM;49.46;0;49.8012147912571;0.959379465196977
1/8/2019 12:00:00 AM;49.44;0.956521739130435;49.4152313180585;0.0404694455685877
1/8/2019 1:00:00 AM;49.54;0.91304347826087;51.4417315268517;0.242816673411569
1/8/2019 2:00:00 AM;49.27;0.869565217391304;46.0746590266287;-0.303520841764465
1/8/2019 3:00:00 AM;49.47;0.826086956521739;50.2179512430911;0.101173613921484
1/8/2019 4:00:00 AM;49.28;0.782608695652174;46.5581565018992;-0.283286118980171
1/8/2019 5:00:00 AM;49.32;0.739130434782609;47.4268229246083;-0.202347227842981
1/8/2019 6:00:00 AM;49.19;0.695652173913043;44.8739235782099;-0.465398624038859
1/8/2019 7:00:00 AM;49.23;0.652173913043478;45.8399522585998;-0.384459732901669
1/8/2019 8:00:00 AM;49.22;0.608695652173913;45.6246950992734;-0.404694455685963
1/8/2019 9:00:00 AM;49.34;0.565217391304348;48.7356575466361;-0.161877782274379
1/8/2019 10:00:00 AM;49.69;0.521739130434783;56.5448450107733;0.546337515176034
1/8/2019 11:00:00 AM;49.96;0.478260869565217;61.4264284076537;1.09267503035208
1/8/2019 12:00:00 PM;49.96;0.434782608695652;61.4264284076537;1.09267503035208
1/8/2019 1:00:00 PM;49.77;0.391304347826087;56.2677531780536;0.708215297450428
1/8/2019 2:00:00 PM;49.88;0.347826086956522;58.4436775561341;0.930797248077703
1/8/2019 2:34:00 PM;50.06;0.323188405797101;61.793655856386;1.29502225819506
1/8/2019 3:05:00 PM;50.27;0.300724637681159;65.3074225799449;1.71995143666532
1/8/2019 3:35:00 PM;49.96;0.278985507246377;56.9770490171186;1.09267503035208
1/8/2019 4:13:00 PM;49.91;0.251449275362319;55.7420186979148;0.991501416430585
1/8/2019 4:52:00 PM;50.22;0.223188405797101;61.337573430473;1.61877782274382
1/8/2019 5:27:00 PM;50.46;0.197826086956522;65.0243865086503;2.10441116956697
1/8/2019 6:23:00 PM;50.13;0.157246376811594;56.97871911747;1.43666531768515
1/8/2019 7:23:00 PM;50.37;0.113768115942029;60.7795645428616;1.92229866450829
1/8/2019 8:23:00 PM;50.36;0.0702898550724638;60.5395654433772;1.90206394172399
1/8/2019 9:23:00 PM;50.41;0.0268115942028986;61.3611104351067;2.00323755564548
1/8/2019 10:00:00 PM;50.48;0;62.5370478419842;2.14488061513556
1/9/2019 12:00:00 AM;50.68;0.956521739130435;65.7448128961242;0.376312141018019
1/9/2019 1:00:00 AM;51.08;0.91304347826087;71.0785882642764;1.16854822737175
1/9/2019 2:00:00 AM;51.12;0.869565217391304;71.5555576283428;1.24777183600712
1/9/2019 3:00:00 AM;51.17;0.826086956521739;72.1733278419047;1.34680134680135
1/9/2019 4:00:00 AM;51.19;0.782608695652174;72.4312515510526;1.38641315111903
1/9/2019 5:00:00 AM;51.22;0.739130434782609;72.8379462770948;1.44583085759556
1/9/2019 6:00:00 AM;51.27;0.695652173913043;73.5385910519003;1.54486036838978
1/9/2019 7:00:00 AM;51.01;0.652173913043478;64.2566017307443;1.02990691225985
1/9/2019 8:00:00 AM;51.09;0.608695652173913;65.6915244224992;1.1883541295306
1/9/2019 9:00:00 AM;51;0.565217391304348;62.6446546752771;1.01010101010101
1/9/2019 9:39:00 AM;51.46;0.53695652173913;70.2418108470011;1.9211725094078
1/9/2019 10:32:00 AM;51.47;0.498550724637681;70.382826964368;1.94097841156664
1/9/2019 11:32:00 AM;51.44;0.455072463768116;69.3215314235197;1.88156070509011
1/9/2019 12:32:00 PM;51.61;0.411594202898551;71.9066774964272;2.21826104179045
1/9/2019 1:18:00 PM;51.95;0.378260869565217;76.2222367918344;2.89166171519113
1/9/2019 2:09:00 PM;51.84;0.341304347826087;72.3499232953681;2.67379679144385
1/9/2019 2:50:00 PM;52.06;0.311594202898551;75.0770365840369;3.1095266389384
1/9/2019 3:31:00 PM;51.77;0.281884057971015;65.8563269789547;2.53515547633195
1/9/2019 3:42:00 PM;51.44;0.273913043478261;57.2411156028331;1.88156070509011
1/9/2019 4:02:00 PM;51.8;0.259420289855072;62.9372396446921;2.59457318280847
1/9/2019 4:28:00 PM;52.28;0.240579710144928;68.8883676351612;3.54525648643296
1/9/2019 4:43:00 PM;52.97;0.229710144927536;75.0822492831984;4.91186373539314
1/9/2019 5:03:00 PM;52.95;0.215217391304348;74.6185329437398;4.87225193107546
1/9/2019 5:50:00 PM;52.57;0.181159420289855;66.2467495558659;4.11962764903941
1/9/2019 6:50:00 PM;52.9;0.13768115942029;69.4520475326583;4.77322242028124
1/9/2019 7:29:00 PM;53.06;0.109420289855072;70.8951871360163;5.09011685482274
1/9/2019 8:29:00 PM;53.11;0.0659420289855072;71.3506734801776;5.18914636561695
1/9/2019 9:29:00 PM;52.86;0.022463768115942;65.8053552340415;4.69399881164586
1/9/2019 10:00:00 PM;52.85;0;65.585780298881;4.67419290948703
1/10/2019 12:00:00 AM;52.86;0.956521739130435;65.7090017550309;-0.0189143181388273
1/10/2019 1:00:00 AM;52.63;0.91304347826087;60.3561812195321;-0.453943635331937
1/10/2019 2:00:00 AM;52.51;0.869565217391304;57.7144974651116;-0.680915452997918
1/10/2019 3:00:00 AM;52.51;0.826086956521739;57.7144974651116;-0.680915452997918
1/10/2019 4:00:00 AM;52.6;0.782608695652174;59.2652921628792;-0.510686589748432
1/10/2019 5:00:00 AM;52.53;0.739130434782609;57.4989969424649;-0.64308681672025
1/10/2019 6:00:00 AM;52.45;0.695652173913043;55.4645110478877;-0.794401361830896
1/10/2019 7:00:00 AM;52.45;0.652173913043478;55.4645110478877;-0.794401361830896
1/10/2019 8:00:00 AM;52.39;0.608695652173913;53.8084530170817;-0.907887270663887
1/10/2019 9:00:00 AM;52.35;0.565217391304348;52.6791956773512;-0.983544543219209
1/10/2019 10:00:00 AM;52.41;0.521739130434783;54.2308369703467;-0.870058634386232
1/10/2019 11:00:00 AM;52.57;0.478260869565217;58.169805495553;-0.567429544164928
1/10/2019 12:00:00 PM;52.59;0.434782608695652;58.6488674097372;-0.529600907887259
1/10/2019 1:00:00 PM;52.78;0.391304347826087;62.9857619701771;-0.170228863249473
1/10/2019 1:53:00 PM;52.32;0.352898550724638;49.4606666592128;-1.0402874976357
1/10/2019 2:31:00 PM;52.3;0.32536231884058;48.9683211188391;-1.07811613391337
1/10/2019 2:51:00 PM;52.32;0.310869565217391;49.5095783649229;-1.0402874976357
1/10/2019 3:20:00 PM;52.48;0.289855072463768;53.7369711357891;-0.737658407414414
1/10/2019 3:53:00 PM;52.96;0.265942028985507;63.586794692115;0.170228863249486
1/10/2019 4:20:00 PM;53.21;0.246376811594203;67.4713705595931;0.643086816720264
1/10/2019 5:02:00 PM;53.03;0.215942028985507;62.3166406870231;0.302629090221305
1/10/2019 6:02:00 PM;52.92;0.172463768115942;59.3333857104592;0.0945715906941635
1/10/2019 7:02:00 PM;52.98;0.128985507246377;60.4456894756641;0.208057499527141
1/10/2019 7:43:00 PM;53.43;0.0992753623188406;67.6028147203256;1.05920181577455
1/10/2019 8:43:00 PM;53.31;0.0557971014492754;64.2634617203739;0.832229998108577
1/10/2019 9:43:00 PM;53.1;0.0123188405797101;58.7904420452022;0.435029317193123
1/10/2019 10:00:00 PM;53.01;0;56.5669599799637;0.264800453943636
1/11/2019 12:00:00 AM;52.98;0.956521739130435;55.8092611669969;0.0188786105342609
1/11/2019 1:00:00 AM;52.91;0.91304347826087;53.9919704285217;-0.113271663205592
1/11/2019 2:00:00 AM;53.02;0.869565217391304;56.3948670334755;0.0943930526713314
1/11/2019 3:00:00 AM;53.15;0.826086956521739;59.1127145008805;0.339814989616764
1/11/2019 4:00:00 AM;53.17;0.782608695652174;59.5306269108178;0.377572210685299
1/11/2019 5:00:00 AM;53.18;0.739130434782609;59.7521375025685;0.39645082121956
1/11/2019 6:00:00 AM;53.28;0.695652173913043;61.9925180920259;0.585236926562209
1/11/2019 7:00:00 AM;53.3;0.652173913043478;62.4428024270741;0.622994147630731
1/11/2019 8:00:00 AM;53.44;0.608695652173913;65.5220323752985;0.887294695110438
1/11/2019 8:57:00 AM;53.8;0.567391304347826;71.9015812880341;1.56692467434397
1/11/2019 9:57:00 AM;53.78;0.523913043478261;71.1143224068845;1.52916745327544
1/11/2019 10:57:00 AM;53.71;0.480434782608696;68.2957728281016;1.39701717953559
1/11/2019 11:57:00 AM;53.54;0.43695652173913;61.8812648582676;1.07608080045309
1/11/2019 12:57:00 PM;53.43;0.393478260869565;58.0800291685202;0.868416084576177
1/11/2019 1:07:00 PM;52.85;0.386231884057971;43.0602857081643;-0.226543326411171
1/11/2019 1:57:00 PM;52.54;0.35;37.4811493870043;-0.811780252973381
1/11/2019 2:33:00 PM;52.55;0.323913043478261;37.7612884354374;-0.79290164243912
1/11/2019 2:56:00 PM;51.94;0.307246376811594;29.1737386097774;-1.94449688502926
1/11/2019 3:21:00 PM;52.42;0.289130434782609;40.6176819321313;-1.03832357938455
1/11/2019 3:52:00 PM;52.66;0.266666666666667;45.3706218560481;-0.585236926562209
1/11/2019 4:22:00 PM;52.43;0.244927536231884;41.9087487104259;-1.01944496885029
1/11/2019 4:51:00 PM;52.66;0.223913043478261;46.3197354191128;-0.585236926562209
1/11/2019 5:51:00 PM;52.42;0.180434782608696;42.6780867177066;-1.03832357938455
1/11/2019 6:43:00 PM;52.15;0.142753623188406;38.9664924213686;-1.5480460638097
1/11/2019 7:31:00 PM;52.36;0.107971014492754;43.1105653441139;-1.15159524259014
1/11/2019 8:31:00 PM;52.44;0.0644927536231884;44.6523151230084;-1.00056635831603
1/11/2019 9:31:00 PM;52.39;0.0210144927536232;43.8524064451422;-1.09495941098735
1/11/2019 10:00:00 PM;52.39;0;43.8524064451422;-1.09495941098735
1/14/2019 12:00:00 AM;52.53;0.956521739130435;46.9391330615457;0.209843571156046
1/14/2019 1:00:00 AM;52.55;0.91304347826087;47.3841436106773;0.247996947729865
1/14/2019 2:00:00 AM;52.21;0.869565217391304;41.0770558006538;-0.400610454025183
1/14/2019 3:00:00 AM;51.99;0.826086956521739;37.5904576030124;-0.820297596337275
1/14/2019 4:00:00 AM;51.8;0.782608695652174;34.840050548332;-1.18275467378864
1/14/2019 5:00:00 AM;51.75;0.739130434782609;34.1322907605534;-1.2781381152232
1/14/2019 6:00:00 AM;51.67;0.695652173913043;32.9779464106584;-1.4307516215185
1/14/2019 7:00:00 AM;51.53;0.652173913043478;31.0019690886132;-1.69782525753529
1/14/2019 8:00:00 AM;51.58;0.608695652173913;32.5562401930345;-1.60244181610073
1/14/2019 9:00:00 AM;51.29;0.565217391304348;28.5405103518498;-2.15566577642122
1/14/2019 9:20:00 AM;51.87;0.550724637681159;43.5402541678281;-1.04921785578024
1/14/2019 10:10:00 AM;51.4;0.514492753623188;36.7993437838596;-1.94582220526517
1/14/2019 11:10:00 AM;51.46;0.471014492753623;38.1165096576639;-1.83136207554369
1/14/2019 12:10:00 PM;51.74;0.427536231884058;43.9836338231029;-1.29721480351011
1/14/2019 1:10:00 PM;51.62;0.384057971014493;42.1396817539094;-1.52613506295308
1/14/2019 1:52:00 PM;51.63;0.353623188405797;42.3565579385554;-1.50705837466616
1/14/2019 2:28:00 PM;52;0.327536231884058;49.847103858343;-0.801220908050366
1/14/2019 3:02:00 PM;52.09;0.302898550724638;51.4981063495367;-0.629530713468139
1/14/2019 3:32:00 PM;52.32;0.281159420289855;55.5272751392774;-0.190766882869137
1/14/2019 4:17:00 PM;52.06;0.248550724637681;50.4274640392308;-0.686760778328881
1/14/2019 4:55:00 PM;51.8;0.221014492753623;45.8886946700516;-1.18275467378864
1/14/2019 5:55:00 PM;51.91;0.177536231884058;48.0203093289852;-0.972911102632593
1/14/2019 6:55:00 PM;51.93;0.134057971014493;48.4181776515168;-0.93475772605876
1/14/2019 7:22:00 PM;51.33;0.114492753623188;38.8186114711695;-2.07935902327357
1/14/2019 8:22:00 PM;51.36;0.0710144927536232;39.4648685967582;-2.02212895841282
1/14/2019 9:22:00 PM;51.31;0.027536231884058;38.7305689401569;-2.11751239984739
1/14/2019 10:00:00 PM;51.47;0;42.4224724144145;-1.81228538725678
1/15/2019 12:00:00 AM;51.38;0.956521739130435;40.9285101216595;-0.174859141247321
1/15/2019 1:00:00 AM;51.57;0.91304347826087;45.3074371647241;0.194287934719257
1/15/2019 2:00:00 AM;51.82;0.869565217391304;50.5063264132818;0.680007771517392
1/15/2019 3:00:00 AM;51.77;0.826086956521739;49.4930196941382;0.58286380415777
1/15/2019 4:00:00 AM;51.82;0.782608695652174;50.561207653341;0.680007771517392
1/15/2019 5:00:00 AM;51.76;0.739130434782609;49.216062747442;0.563435010685835
1/15/2019 6:00:00 AM;51.95;0.695652173913043;53.4403047965416;0.932582086652427
1/15/2019 7:00:00 AM;51.92;0.652173913043478;52.6949826436261;0.874295706236648
1/15/2019 8:00:00 AM;51.77;0.608695652173913;49.0141090476776;0.58286380415777
1/15/2019 9:00:00 AM;51.52;0.565217391304348;43.5535329862105;0.0971439673596353
1/15/2019 10:00:00 AM;51.6;0.521739130434783;45.6405549717244;0.252574315135035
1/15/2019 11:00:00 AM;51.81;0.478260869565217;50.7846054509695;0.66057897804547
1/15/2019 12:00:00 PM;51.84;0.434782608695652;51.4908266095978;0.718865358461248
1/15/2019 1:00:00 PM;51.94;0.391304347826087;53.8671912396185;0.913153293180491
1/15/2019 2:00:00 PM;51.87;0.347826086956522;51.9487562657048;0.777151738877013
1/15/2019 2:13:00 PM;52.3;0.338405797101449;61.1110475716519;1.6125898581698
1/15/2019 2:42:00 PM;52.59;0.317391304347826;65.8415937608573;2.17602486885565
1/15/2019 3:12:00 PM;52.43;0.295652173913043;61.403610887974;1.86516417330484
1/15/2019 3:47:00 PM;52.65;0.270289855072464;64.9063017258458;2.2925976296872
1/15/2019 4:30:00 PM;52.33;0.239130434782609;56.8278467030579;1.67087623858558
1/15/2019 5:30:00 PM;52.54;0.195652173913043;60.3183286986185;2.07888090149602
1/15/2019 6:30:00 PM;52.6;0.152173913043478;61.2815288258255;2.19545366232757
1/15/2019 7:28:00 PM;52.96;0.110144927536232;66.5308922860922;2.89489022731689
1/15/2019 8:28:00 PM;52.75;0.0666666666666667;61.3091524168259;2.48688556440645
1/15/2019 9:28:00 PM;52.74;0.0231884057971015;61.0633771969513;2.46745677093453
1/15/2019 10:00:00 PM;52.68;0;59.521594138909;2.35088401010297
1/16/2019 12:00:00 AM;52.58;0.956521739130435;56.9411064920754;-0.208768267223381
1/16/2019 1:00:00 AM;52.57;0.91304347826087;56.6764912420145;-0.227747200607321
1/16/2019 2:00:00 AM;52.64;0.869565217391304;58.142853613389;-0.0948946669197137
1/16/2019 3:00:00 AM;52.68;0.826086956521739;58.9968991375862;-0.01897893338394
1/16/2019 4:00:00 AM;52.65;0.782608695652174;58.0403931426355;-0.0759157335357737
1/16/2019 5:00:00 AM;52.78;0.739130434782609;60.9917502163369;0.170810400455501
1/16/2019 6:00:00 AM;52.86;0.695652173913043;62.7291163573359;0.322641867527048
1/16/2019 7:00:00 AM;52.8;0.652173913043478;60.5508979524948;0.208768267223381
1/16/2019 8:00:00 AM;52.86;0.608695652173913;61.9729313162975;0.322641867527048
1/16/2019 9:00:00 AM;53.11;0.565217391304348;67.2674443357715;0.797115202125644
1/16/2019 9:53:00 AM;52.64;0.526811594202899;52.4753133280727;-0.0948946669197137
1/16/2019 10:53:00 AM;52.61;0.483333333333333;51.6939135051257;-0.151831467071547
1/16/2019 11:53:00 AM;52.4;0.439855072463768;46.476725211177;-0.550389068134369
1/16/2019 12:53:00 PM;52.4;0.396376811594203;46.476725211177;-0.550389068134369
1/16/2019 1:53:00 PM;52.31;0.352898550724638;44.2566474193861;-0.721199468589857
1/16/2019 2:19:00 PM;52.65;0.334057971014493;53.3269180122762;-0.0759157335357737
1/16/2019 2:55:00 PM;52.8;0.307971014492754;56.6761929299469;0.208768267223381
1/16/2019 3:33:00 PM;52.8;0.280434782608696;56.6761929299469;0.208768267223381
1/16/2019 3:41:00 PM;52.29;0.27463768115942;44.1759489766627;-0.75915733535775
1/16/2019 4:01:00 PM;52.26;0.260144927536232;43.5672345779916;-0.816094135509584
1/16/2019 4:19:00 PM;52.48;0.247101449275362;49.1056251664757;-0.398557601062822
1/16/2019 4:37:00 PM;52.91;0.234057971014493;57.8192191695746;0.417536534446762
1/16/2019 5:23:00 PM;52.6;0.200724637681159;51.0353625173985;-0.170810400455487
1/16/2019 6:23:00 PM;52.59;0.157246376811594;50.8281900328014;-0.189789333839427
1/16/2019 7:23:00 PM;52.75;0.113768115942029;54.042736427301;0.113873600303667
1/16/2019 8:23:00 PM;53.1;0.0702898550724638;60.175871498058;0.778136268741704
1/16/2019 9:23:00 PM;53.03;0.0268115942028986;58.4945210797686;0.645283735054096
1/16/2019 10:00:00 PM;53.01;0;57.9959237403246;0.607325868286203
1/17/2019 12:00:00 AM;52.93;0.956521739130435;55.9418489243569;-0.132075471698114
1/17/2019 1:00:00 AM;52.79;0.91304347826087;52.441460052501;-0.396226415094341
1/17/2019 2:00:00 AM;52.56;0.869565217391304;47.2146064504933;-0.830188679245279
1/17/2019 3:00:00 AM;52.72;0.826086956521739;50.8822007680959;-0.528301886792455
1/17/2019 4:00:00 AM;52.67;0.782608695652174;49.7196019543551;-0.622641509433959
1/17/2019 5:00:00 AM;52.7;0.739130434782609;50.4511344743671;-0.566037735849051
1/17/2019 6:00:00 AM;52.69;0.695652173913043;50.1890103510428;-0.584905660377363
1/17/2019 7:00:00 AM;52.68;0.652173913043478;49.9097520124992;-0.603773584905661
1/17/2019 8:00:00 AM;52.61;0.608695652173913;47.9005627136029;-0.735849056603775
1/17/2019 9:00:00 AM;52.66;0.565217391304348;49.4654410269429;-0.641509433962271
1/17/2019 9:42:00 AM;52.32;0.534782608695652;40.5468162223953;-1.28301886792453
1/17/2019 10:42:00 AM;52.38;0.491304347826087;42.5164987737815;-1.16981132075471
1/17/2019 11:42:00 AM;52.26;0.447826086956522;39.684721225757;-1.39622641509434
1/17/2019 12:27:00 PM;51.87;0.415217391304348;32.1825056507893;-2.13207547169812
1/17/2019 1:27:00 PM;51.87;0.371739130434783;32.1825056507893;-2.13207547169812
1/17/2019 2:18:00 PM;52.25;0.334782608695652;44.1199497264318;-1.41509433962264
1/17/2019 3:01:00 PM;52.24;0.303623188405797;43.9009494767208;-1.43396226415094
1/17/2019 3:10:00 PM;51.93;0.297101449275362;37.6601771772391;-2.0188679245283
1/17/2019 3:32:00 PM;52.32;0.281159420289855;47.7277195828698;-1.28301886792453
1/17/2019 3:42:00 PM;51.94;0.273913043478261;40.8118355144385;-2
1/17/2019 4:07:00 PM;51.95;0.255797101449275;41.053901169445;-1.98113207547169
1/17/2019 4:26:00 PM;52.33;0.242028985507246;49.5050296508017;-1.26415094339623
1/17/2019 5:02:00 PM;52.39;0.215942028985507;50.7067392253709;-1.15094339622641
1/17/2019 5:40:00 PM;52.78;0.188405797101449;57.7458640304754;-0.415094339622639
1/17/2019 5:59:00 PM;52.34;0.17463768115942;49.2081616577217;-1.24528301886792
1/17/2019 6:59:00 PM;52.7;0.131159420289855;55.062329745317;-0.566037735849051
1/17/2019 7:43:00 PM;53.06;0.0992753623188406;60.0242782521565;0.113207547169816
1/17/2019 8:43:00 PM;53.02;0.0557971014492754;59.2415512860727;0.0377358490566097
1/17/2019 9:43:00 PM;52.9;0.0123188405797101;56.8466153563528;-0.188679245283022
1/17/2019 10:00:00 PM;52.88;0;56.4371042989845;-0.226415094339618
1/18/2019 12:00:00 AM;52.88;0.956521739130435;56.4371042989845;-0.0944643869261235
1/18/2019 1:00:00 AM;53.05;0.91304347826087;59.3255921945126;0.226714528622704
1/18/2019 2:00:00 AM;53.33;0.869565217391304;63.6059316400181;0.755715095409028
1/18/2019 3:00:00 AM;53.27;0.826086956521739;62.0978954732355;0.642357831097683
1/18/2019 4:00:00 AM;53.29;0.782608695652174;62.4177557279268;0.680143585868127
1/18/2019 5:00:00 AM;53.29;0.739130434782609;62.4177557279268;0.680143585868127
1/18/2019 6:00:00 AM;53.36;0.695652173913043;63.6625256980164;0.812393727564708
1/18/2019 7:00:00 AM;53.41;0.652173913043478;64.5653255643589;0.906858114490831
1/18/2019 8:00:00 AM;53.2;0.608695652173913;58.0427556200649;0.510107689401102
1/18/2019 9:00:00 AM;53.18;0.565217391304348;57.4475238570934;0.472321934630644
1/18/2019 10:00:00 AM;53.34;0.521739130434783;60.9018910345936;0.774607972794264
1/18/2019 11:00:00 AM;53.48;0.478260869565217;63.6801958754345;1.03910825618741
1/18/2019 12:00:00 PM;53.52;0.434782608695652;64.4573209847676;1.11467976572833
1/18/2019 1:00:00 PM;53.28;0.391304347826087;56.6281504210214;0.661250708482905
1/18/2019 1:52:00 PM;53.36;0.353623188405797;58.4402412001885;0.812393727564708
1/18/2019 2:20:00 PM;53.3;0.333333333333333;56.5325140789884;0.699036463253349
1/18/2019 2:49:00 PM;53.12;0.31231884057971;51.1391055232557;0.358964670319285
1/18/2019 3:07:00 PM;53.47;0.299275362318841;59.275016061849;1.02021537880219
1/18/2019 3:20:00 PM;54.2;0.289855072463768;70.3605086666403;2.39939542792368
1/18/2019 3:34:00 PM;54.13;0.279710144927536;68.4367813403332;2.2671452862271
1/18/2019 3:50:00 PM;54.34;0.268115942028986;70.9985515476815;2.66389571131684
1/18/2019 4:16:00 PM;54.31;0.249275362318841;70.1229516177434;2.60721707916116
1/18/2019 4:38:00 PM;54.19;0.233333333333333;66.5855768731461;2.38050255053844
1/18/2019 5:12:00 PM;54.22;0.208695652173913;67.0333117198114;2.43718118269412
1/18/2019 6:04:00 PM;54.3;0.171014492753623;68.2548788357969;2.58832420177593
1/18/2019 7:04:00 PM;54.44;0.127536231884058;70.3270492978004;2.85282448516909
1/18/2019 7:48:00 PM;54.48;0.0956521739130435;70.9112870737333;2.92839599470999
1/18/2019 8:48:00 PM;54.41;0.0521739130434783;68.3741520260801;2.79614585301341
1/18/2019 9:48:00 PM;54.46;0.00869565217391304;69.2212541749338;2.89061023993954
1/18/2019 10:00:00 PM;54.39;0;66.5343496204034;2.75836009824296
1/21/2019 12:00:00 AM;54.05;0.947368421052632;55.305255131189;-0.551977920883173
1/21/2019 1:00:00 AM;54.15;0.894736842105263;57.5732613221373;-0.367985280588782
1/21/2019 2:00:00 AM;54.16;0.842105263157895;57.8038538574701;-0.349586016559347
1/21/2019 3:00:00 AM;54.56;0.789473684210526;65.8088925856207;0.386384544618217
1/21/2019 4:00:00 AM;54.69;0.736842105263158;67.9377781115906;0.625574977000913
1/21/2019 5:00:00 AM;54.68;0.684210526315789;67.5891539497595;0.607175712971478
1/21/2019 6:00:00 AM;54.57;0.631578947368421;63.7159389937742;0.404783808647652
1/21/2019 7:00:00 AM;54.54;0.578947368421053;62.6612918349043;0.349586016559333
1/21/2019 8:00:00 AM;54.41;0.526315789473684;58.1681403612165;0.110395584176624
1/21/2019 9:00:00 AM;54.37;0.473684210526316;56.8181212779123;0.0367985280588703
1/21/2019 10:00:00 AM;54.25;0.421052631578947;52.8549203685876;-0.183992640294391
1/21/2019 11:00:00 AM;54.33;0.368421052631579;55.1032872906699;-0.0367985280588834
1/21/2019 12:00:00 PM;54.33;0.315789473684211;55.1032872906699;-0.0367985280588834
1/21/2019 1:00:00 PM;54.43;0.263157894736842;58.0065838488819;0.147194112235507
1/21/2019 2:00:00 PM;54.69;0.210526315789474;64.4444543296742;0.625574977000913
1/21/2019 3:00:00 PM;54.64;0.157894736842105;62.4613138282814;0.533578656853724
1/21/2019 4:00:00 PM;54.58;0.105263157894737;60.072355764275;0.423183072677087
1/21/2019 5:00:00 PM;54.47;0.0526315789473684;55.8545905402418;0.220791168353261
1/21/2019 6:00:00 PM;54.62;0;59.9808700053321;0.496780128794841
1/22/2019 12:00:00 AM;54.64;0.956521739130435;60.5108678441049;0.109930377427633
1/22/2019 1:00:00 AM;54.33;0.91304347826087;49.5557533685518;-0.458043239281788
1/22/2019 2:00:00 AM;54.28;0.869565217391304;48.0448949106692;-0.549651887138141
1/22/2019 3:00:00 AM;54.08;0.826086956521739;42.467503730417;-0.916086478563576
1/22/2019 4:00:00 AM;54.11;0.782608695652174;43.5265241136771;-0.86112128984976
1/22/2019 5:00:00 AM;54.12;0.739130434782609;43.8972379305834;-0.842799560278492
1/22/2019 6:00:00 AM;53.97;0.695652173913043;39.6886489679948;-1.11762550384756
1/22/2019 7:00:00 AM;54.02;0.652173913043478;41.6952752457514;-1.0260168559912
1/22/2019 8:00:00 AM;54.12;0.608695652173913;45.5940530989491;-0.842799560278492
1/22/2019 9:00:00 AM;53.94;0.565217391304348;40.3621870085747;-1.17259069256138
1/22/2019 10:00:00 AM;53.74;0.521739130434783;35.4892833756919;-1.5390252839868
1/22/2019 11:00:00 AM;53.57;0.478260869565217;31.9575330904895;-1.85049468669842
1/22/2019 12:00:00 PM;53.44;0.434782608695652;29.5368597140693;-2.08867717112496
1/22/2019 1:00:00 PM;53.46;0.391304347826087;30.4101927857189;-2.05203371198241
1/22/2019 1:59:00 PM;53.37;0.348550724637681;28.6871258525213;-2.21692927812386
1/22/2019 2:36:00 PM;53.29;0.321739130434783;27.2112055121441;-2.36350311469403
1/22/2019 3:04:00 PM;52.99;0.301449275362319;22.5300418168534;-2.91315500183217
1/22/2019 3:14:00 PM;52.5;0.294202898550725;17.2962401500491;-3.81091975082447
1/22/2019 3:46:00 PM;52.63;0.271014492753623;22.4438259662124;-3.57273726639794
1/22/2019 4:23:00 PM;52.82;0.244202898550725;29.3637439330214;-3.22462440454379
1/22/2019 5:02:00 PM;52.83;0.215942028985507;29.7191726528703;-3.20630267497252
1/22/2019 6:02:00 PM;52.88;0.172463768115942;31.573156888259;-3.11469402711615
1/22/2019 6:49:00 PM;53.01;0.138405797101449;36.2797300091456;-2.87651154268963
1/22/2019 7:21:00 PM;53.22;0.115217391304348;43.0894844522347;-2.49175522169293
1/22/2019 8:21:00 PM;53.27;0.0717391304347826;44.6073774740813;-2.40014657383656
1/22/2019 9:21:00 PM;53.37;0.0282608695652174;47.616617710322;-2.21692927812386
1/22/2019 10:00:00 PM;53.39;0;48.2224619853042;-2.18028581898131
1/23/2019 12:00:00 AM;53.29;0.956521739130435;45.3954081138319;-0.1124648547329
1/23/2019 1:00:00 AM;53.25;0.91304347826087;44.2772329242593;-0.187441424554829
1/23/2019 2:00:00 AM;53.53;0.869565217391304;53.0037993638373;0.337394564198687
1/23/2019 3:00:00 AM;53.37;0.826086956521739;48.3446583482527;0.0374882849109579
1/23/2019 4:00:00 AM;53.46;0.782608695652174;50.9561612905376;0.206185567010308
1/23/2019 5:00:00 AM;53.39;0.739130434782609;48.8860191383895;0.074976569821929
1/23/2019 6:00:00 AM;53.54;0.695652173913043;53.267310571544;0.356138706654166
1/23/2019 7:00:00 AM;53.67;0.652173913043478;56.7290593619508;0.599812558575446
1/23/2019 8:00:00 AM;53.64;0.608695652173913;55.7035949708717;0.543580131208996
1/23/2019 9:00:00 AM;53.43;0.565217391304348;49.0232373465713;0.149953139643858
1/23/2019 10:00:00 AM;53.68;0.521739130434783;55.8165487344864;0.618556701030925
1/23/2019 11:00:00 AM;53.84;0.478260869565217;59.5333644272459;0.918462980318654
1/23/2019 12:00:00 PM;53.78;0.434782608695652;57.5773196849144;0.805998125585754
1/23/2019 1:00:00 PM;53.83;0.391304347826087;58.792384050831;0.899718837863162
1/23/2019 1:55:00 PM;53.67;0.351449275362319;53.5106551048508;0.599812558575446
1/23/2019 2:29:00 PM;53.54;0.326811594202899;49.6108761737273;0.356138706654166
1/23/2019 2:54:00 PM;53.24;0.308695652173913;42.0033087626161;-0.206185567010308
1/23/2019 3:13:00 PM;53.42;0.294927536231884;47.2318081219125;0.131208997188379
1/23/2019 3:47:00 PM;53.25;0.270289855072464;43.2647451761774;-0.187441424554829
1/23/2019 4:16:00 PM;53.47;0.249275362318841;49.2100085993177;0.224929709465787
1/23/2019 4:27:00 PM;52.8;0.241304347826087;36.62329580875;-1.03092783505155
1/23/2019 4:47:00 PM;52.67;0.226811594202899;34.7652457185727;-1.27460168697282
1/23/2019 5:05:00 PM;52.45;0.213768115942029;31.8228376178958;-1.68697282099344
1/23/2019 5:53:00 PM;52.8;0.178985507246377;40.4569678999581;-1.03092783505155
1/23/2019 6:53:00 PM;52.67;0.135507246376812;38.5063507856425;-1.27460168697282
1/23/2019 7:31:00 PM;53.03;0.107971014492754;46.2368452865417;-0.599812558575446
1/23/2019 8:31:00 PM;53.07;0.0644927536231884;47.0335909593826;-0.524835988753517
1/23/2019 9:31:00 PM;52.78;0.0210144927536232;42.1558824448821;-1.06841611996251
1/23/2019 10:00:00 PM;52.8;0;42.5980137916455;-1.03092783505155
1/24/2019 12:00:00 AM;52.86;0.956521739130435;43.9813591361097;0.0189214758751145
1/24/2019 1:00:00 AM;52.9;0.91304347826087;44.9341109247146;0.0946073793755859
1/24/2019 2:00:00 AM;52.78;0.869565217391304;42.5936673362333;-0.132450331125828
1/24/2019 3:00:00 AM;52.77;0.826086956521739;42.395494026603;-0.151371807000943
1/24/2019 4:00:00 AM;52.83;0.782608695652174;44.0767297951583;-0.0378429517502424
1/24/2019 5:00:00 AM;52.8;0.739130434782609;43.3947615408943;-0.0946073793755994
1/24/2019 6:00:00 AM;52.75;0.695652173913043;42.2222172342546;-0.189214758751185
1/24/2019 7:00:00 AM;52.79;0.652173913043478;43.5366348902008;-0.113528855250714
1/24/2019 8:00:00 AM;52.74;0.608695652173913;42.2429703989556;-0.2081362346263
1/24/2019 9:00:00 AM;52.74;0.565217391304348;42.2429703989556;-0.2081362346263
1/24/2019 9:48:00 AM;53.24;0.530434782608696;57.0457255180567;0.737937559129613
1/24/2019 10:48:00 AM;53.01;0.48695652173913;50.6189470893637;0.302743614001886
1/24/2019 11:48:00 AM;52.81;0.443478260869565;45.7882368996444;-0.0756859035004714
1/24/2019 12:48:00 PM;52.6;0.4;41.3283863337072;-0.473036896877956
1/24/2019 1:48:00 PM;52.6;0.356521739130435;41.3283863337072;-0.473036896877956
1/24/2019 2:18:00 PM;53.08;0.334782608695652;53.3686430963578;0.435193945127714
1/24/2019 2:47:00 PM;53.08;0.313768115942029;53.3686430963578;0.435193945127714
1/24/2019 3:23:00 PM;53.15;0.28768115942029;54.9328492384899;0.567644276253542
1/24/2019 4:01:00 PM;53.08;0.260144927536232;53.0176196503888;0.435193945127714
1/24/2019 4:07:00 PM;53.56;0.255797101449275;62.6371979990157;1.3434247871334
1/24/2019 4:17:00 PM;53.06;0.248550724637681;50.9375559822188;0.397350993377485
1/24/2019 4:34:00 PM;53.4;0.236231884057971;56.8409972738403;1.0406811731315
1/24/2019 5:00:00 PM;53.62;0.217391304347826;60.1797801022847;1.4569536423841
1/24/2019 6:00:00 PM;53.52;0.173913043478261;57.9840092593655;1.26773888363293
1/24/2019 7:00:00 PM;53.64;0.130434782608696;59.8759482545917;1.49479659413434
1/24/2019 7:34:00 PM;53.52;0.105797101449275;57.1066855431662;1.26773888363293
1/24/2019 8:34:00 PM;53.63;0.0623188405797101;58.9795580362917;1.47587511825923
1/24/2019 9:34:00 PM;53.56;0.0188405797101449;57.2659744322176;1.3434247871334
1/24/2019 10:00:00 PM;53.58;0;57.644616654199;1.38126773888363
1/25/2019 12:00:00 AM;53.48;0.956521739130435;55.0196271848284;-0.168004480119476
1/25/2019 1:00:00 AM;53.56;0.91304347826087;56.7176906018303;-0.0186671644577152
1/25/2019 2:00:00 AM;53.76;0.869565217391304;60.7109462635671;0.354676124696654
1/25/2019 2:29:00 AM;54.24;0.848550724637681;68.2758388133603;1.25070001866717
1/25/2019 3:29:00 AM;54.26;0.805072463768116;68.5475820069353;1.2880343475826
1/25/2019 4:29:00 AM;54.25;0.761594202898551;68.2328674455649;1.26936718312488
1/25/2019 5:29:00 AM;54.25;0.718115942028986;68.2328674455649;1.26936718312488
1/25/2019 6:29:00 AM;54.2;0.67463768115942;66.4633839421188;1.17603136083629
1/25/2019 7:29:00 AM;54.08;0.631159420289855;62.2883893105466;0.952025387343659
1/25/2019 8:29:00 AM;54.02;0.58768115942029;60.2504626727495;0.840022400597355
1/25/2019 9:29:00 AM;53.91;0.544202898550725;56.5946578449247;0.634683591562435
1/25/2019 10:29:00 AM;53.71;0.500724637681159;50.5847944662328;0.261340302408065
1/25/2019 11:29:00 AM;53.51;0.457246376811594;45.3935874252537;-0.112002986746317
1/25/2019 12:29:00 PM;53.45;0.413768115942029;43.936843707573;-0.224005973492622
1/25/2019 1:03:00 PM;53.77;0.389130434782609;52.662148420159;0.373343289154383
1/25/2019 2:03:00 PM;53.51;0.345652173913043;46.3502091778834;-0.112002986746317
1/25/2019 2:42:00 PM;53.63;0.317391304347826;49.3666412884859;0.112002986746317
1/25/2019 2:51:00 PM;54.05;0.310869565217391;58.2206497315304;0.8960238939705
1/25/2019 3:05:00 PM;53.59;0.300724637681159;48.2657768197496;0.0373343289154436
1/25/2019 3:36:00 PM;53.72;0.278260869565217;50.8248044319421;0.28000746686578
1/25/2019 4:23:00 PM;53.74;0.244202898550725;51.2245372130613;0.317341795781224
1/25/2019 4:59:00 PM;54.05;0.218115942028986;57.0520411933092;0.8960238939705
1/25/2019 5:59:00 PM;54.01;0.17463768115942;56.1203235338461;0.821355236139626
1/25/2019 6:59:00 PM;54.15;0.131159420289855;58.6647308600099;1.08269553854769
1/25/2019 7:59:00 PM;54.06;0.0876811594202899;56.4005770558551;0.914691058428229
1/25/2019 8:59:00 PM;53.95;0.0442028985507246;53.6739409234125;0.709352249393322
1/25/2019 9:59:00 PM;53.93;0.00072463768115942;53.1706287577199;0.672017920477878
1/25/2019 10:00:00 PM;53.95;0;53.63880913847;0.709352249393322
1/27/2019 11:56:00 PM;53.67;0.959420289855072;46.612742583723;-0.53743513713862
1/28/2019 12:56:00 AM;53.81;0.915942028985507;50.1301742608326;-0.277983691623422
1/28/2019 1:56:00 AM;53.93;0.872463768115942;52.9892343157898;-0.0555967383246871
1/28/2019 2:56:00 AM;53.83;0.828985507246377;50.3963227033412;-0.240919199406973
1/28/2019 3:56:00 AM;53.73;0.785507246376812;47.8735375180772;-0.426241660489259
1/28/2019 4:56:00 AM;53.76;0.742028985507246;48.7031552285842;-0.370644922164572
1/28/2019 5:56:00 AM;53.5;0.698550724637681;42.4042392588912;-0.852483320978504
1/28/2019 6:56:00 AM;53.34;0.655072463768116;39.0566297015771;-1.14899925871015
1/28/2019 7:56:00 AM;53.35;0.611594202898551;39.37874779989;-1.13046701260193
1/28/2019 8:56:00 AM;53.14;0.568115942028986;35.174221004127;-1.51964418087472
1/28/2019 9:56:00 AM;53.09;0.52463768115942;34.2369069305875;-1.61230541141586
1/28/2019 10:56:00 AM;53.07;0.481159420289855;33.8483604657217;-1.64936990363232
1/28/2019 11:56:00 AM;53.13;0.43768115942029;36.1880404462564;-1.53817642698295
1/28/2019 12:56:00 PM;53.13;0.394202898550725;36.1880404462564;-1.53817642698295
1/28/2019 1:47:00 PM;53.05;0.357246376811594;34.3114765452049;-1.68643439584878
1/28/2019 2:12:00 PM;52.69;0.339130434782609;27.420625715747;-2.353595255745
1/28/2019 2:31:00 PM;52.48;0.32536231884058;24.3487000787335;-2.7427724240178
1/28/2019 2:52:00 PM;52.41;0.310144927536232;23.4073544759049;-2.8724981467754
1/28/2019 3:18:00 PM;52.39;0.291304347826087;23.1321810192785;-2.90956263899185
1/28/2019 3:48:00 PM;52.12;0.269565217391304;19.755694893973;-3.40993328391402
1/28/2019 4:20:00 PM;52.13;0.246376811594203;20.2201699686239;-3.39140103780578
1/28/2019 4:40:00 PM;51.81;0.231884057971015;16.857553077949;-3.98443291326909
1/28/2019 5:28:00 PM;52;0.197101449275362;24.848837651193;-3.63232023721275
1/28/2019 6:28:00 PM;52.14;0.153623188405797;30.1744241006897;-3.37286879169755
1/28/2019 7:23:00 PM;52.18;0.113768115942029;31.6644542062642;-3.29873980726464
1/28/2019 8:23:00 PM;52.49;0.0702898550724638;41.9951830684042;-2.72424017790956
1/28/2019 9:23:00 PM;52.58;0.0268115942028986;44.6131057056418;-2.55744996293551
1/28/2019 10:00:00 PM;52.49;0;42.5452123988481;-2.72424017790956
1/29/2019 12:00:00 AM;52.46;0.956521739130435;41.8488857787693;-0.114242193450119
1/29/2019 1:00:00 AM;52.26;0.91304347826087;37.4485054336296;-0.495049504950505
1/29/2019 2:00:00 AM;52.59;0.869565217391304;47.295861909002;0.133282559025134
1/29/2019 3:00:00 AM;52.56;0.826086956521739;46.5779773822558;0.0761614623000745
1/29/2019 4:00:00 AM;52.51;0.782608695652174;45.3426784883694;-0.0190403655750288
1/29/2019 5:00:00 AM;52.5;0.739130434782609;45.0851415411512;-0.038080731150044
1/29/2019 6:00:00 AM;52.8;0.695652173913043;53.5996497582527;0.533130236100522
1/29/2019 7:00:00 AM;52.59;0.652173913043478;47.9903766905613;0.133282559025134
1/29/2019 8:00:00 AM;52.45;0.608695652173913;44.6366357709618;-0.133282559025134
1/29/2019 9:00:00 AM;52.61;0.565217391304348;49.0213408706954;0.171363290175164
1/29/2019 10:00:00 AM;52.9;0.521739130434783;55.8469487729863;0.723533891850715
1/29/2019 11:00:00 AM;52.88;0.478260869565217;55.2970640139823;0.685453160700684
1/29/2019 12:00:00 PM;52.79;0.434782608695652;52.7786467918468;0.514089870525506
1/29/2019 1:00:00 PM;52.81;0.391304347826087;53.2877763585251;0.552170601675551
1/29/2019 2:00:00 PM;52.9;0.347826086956522;55.6072992078227;0.723533891850715
1/29/2019 2:21:00 PM;53.29;0.332608695652174;63.9589500410664;1.46610814927646
1/29/2019 2:41:00 PM;53.73;0.318115942028986;70.6644070821392;2.30388423457729
1/29/2019 3:04:00 PM;54.05;0.301449275362319;74.3954487854542;2.9131759329779
1/29/2019 3:18:00 PM;54.07;0.291304347826087;74.6127765134696;2.95125666412795
1/29/2019 3:53:00 PM;53.78;0.265942028985507;65.8808539222876;2.3990860624524
1/29/2019 4:15:00 PM;53.69;0.25;63.4010226436606;2.22772277227722
1/29/2019 4:44:00 PM;53.82;0.228985507246377;65.4254622378492;2.47524752475247
1/29/2019 5:44:00 PM;53.94;0.185507246376812;67.2275162589809;2.70373191165269
1/29/2019 6:44:00 PM;53.75;0.142028985507246;61.7404726541708;2.34196496572734
1/29/2019 7:29:00 PM;53.7;0.109420289855072;60.3446469782878;2.24676313785225
1/29/2019 8:29:00 PM;53.57;0.0659420289855072;56.7521097658931;1.99923838537699
1/29/2019 9:29:00 PM;53.57;0.022463768115942;56.7521097658931;1.99923838537699
1/29/2019 10:00:00 PM;53.64;0;58.3023470895972;2.13252094440213
1/30/2019 12:00:00 AM;53.73;0.956521739130435;60.2740293668242;0.167785234899322
1/30/2019 1:00:00 AM;53.63;0.91304347826087;57.0463150205641;-0.0186428038776995
1/30/2019 2:00:00 AM;53.7;0.869565217391304;58.7130272837548;0.111856823266223
1/30/2019 3:00:00 AM;53.66;0.826086956521739;57.3437453046287;0.037285607755399
1/30/2019 4:00:00 AM;53.9;0.782608695652174;62.9299575910649;0.48471290082028
1/30/2019 5:00:00 AM;53.94;0.739130434782609;63.7812937523013;0.559284116331091
1/30/2019 6:00:00 AM;53.79;0.695652173913043;58.3679182519446;0.279642058165545
1/30/2019 7:00:00 AM;53.7;0.652173913043478;55.3333445893808;0.111856823266223
1/30/2019 8:00:00 AM;53.69;0.608695652173913;54.9912397914016;0.0932140193885107
1/30/2019 9:00:00 AM;53.8;0.565217391304348;58.0627341680356;0.298284862043245
1/30/2019 10:00:00 AM;53.8;0.521739130434783;58.0627341680356;0.298284862043245
1/30/2019 11:00:00 AM;54.15;0.478260869565217;66.4990762681832;0.95078299776286
1/30/2019 12:00:00 PM;54.22;0.434782608695652;67.8903246232622;1.08128262490678
1/30/2019 1:00:00 PM;54.31;0.391304347826087;69.6362757142425;1.24906785980612
1/30/2019 2:00:00 PM;54.23;0.347826086956522;66.1909752724986;1.09992542878448
1/30/2019 2:26:00 PM;54.42;0.328985507246377;69.9887092127353;1.45413870246085
1/30/2019 3:00:00 PM;54.27;0.304347826086957;63.8873177588288;1.17449664429531
1/30/2019 3:33:00 PM;54.59;0.280434782608696;69.9131961482281;1.77106636838181
1/30/2019 3:51:00 PM;54.59;0.267391304347826;69.9131961482282;1.77106636838181
1/30/2019 4:07:00 PM;54.97;0.255797101449275;75.5353487604081;2.47949291573452
1/30/2019 4:27:00 PM;55.01;0.241304347826087;76.0428336345526;2.55406413124533
1/30/2019 4:52:00 PM;55.22;0.223188405797101;78.5576197482846;2.9455630126771
1/30/2019 5:50:00 PM;55.21;0.181159420289855;78.1370018619359;2.9269202087994
1/30/2019 6:50:00 PM;54.98;0.13768115942029;68.9877809176898;2.49813571961222
1/30/2019 7:24:00 PM;54.95;0.11304347826087;67.8714508880726;2.44220730797912
1/30/2019 8:24:00 PM;54.57;0.0695652173913043;55.598927429882;1.7337807606264
1/30/2019 9:24:00 PM;54.66;0.0260869565217391;57.5564295646324;1.90156599552572
1/30/2019 10:00:00 PM;54.62;0;56.3670076700735;1.82699478001491
1/31/2019 12:00:00 AM;54.88;0.956521739130435;61.8811715365021;0.365764447695689
1/31/2019 1:00:00 AM;54.83;0.91304347826087;60.3028912033985;0.27432333577176
1/31/2019 2:00:00 AM;55;0.869565217391304;63.6934708528095;0.585223116313095
1/31/2019 3:00:00 AM;55;0.826086956521739;63.6934708528095;0.585223116313095
1/31/2019 4:00:00 AM;55.07;0.782608695652174;65.1163105402357;0.713240673006585
1/31/2019 5:00:00 AM;55.02;0.739130434782609;63.2107667069189;0.621799561082669
1/31/2019 6:00:00 AM;55.01;0.695652173913043;62.8148478844832;0.603511338697875
1/31/2019 7:00:00 AM;54.99;0.652173913043478;61.978720635049;0.566934893928314
1/31/2019 8:00:00 AM;54.88;0.608695652173913;57.4493045935921;0.365764447695689
1/31/2019 9:00:00 AM;54.74;0.565217391304348;52.2187678148467;0.109729334308709
1/31/2019 10:00:00 AM;54.61;0.521739130434783;47.8611916050756;-0.12801755669349
1/31/2019 11:00:00 AM;54.5;0.478260869565217;44.4789334501436;-0.329188002926115
1/31/2019 12:00:00 PM;54.66;0.434782608695652;50.0124025621676;-0.0365764447695741
1/31/2019 1:00:00 PM;54.57;0.391304347826087;47.164889522971;-0.201170446232625
1/31/2019 2:00:00 PM;54.82;0.347826086956522;54.8542021481093;0.25603511338698
1/31/2019 2:33:00 PM;55.2;0.323913043478261;63.5400018826619;0.950987564008784
1/31/2019 2:57:00 PM;55.53;0.306521739130435;69.0999060464741;1.55449890270666
1/31/2019 3:21:00 PM;55.51;0.289130434782609;68.4189364504979;1.51792245793709
1/31/2019 3:57:00 PM;55.68;0.26304347826087;71.0321237050276;1.82882223847842
1/31/2019 4:29:00 PM;55.58;0.239855072463768;67.4942190988026;1.64594001463058
1/31/2019 5:08:00 PM;55.53;0.211594202898551;65.7313559536573;1.55449890270666
1/31/2019 5:48:00 PM;55.2;0.182608695652174;55.4393751581234;0.950987564008784
1/31/2019 6:01:00 PM;54.67;0.173188405797101;43.6250498464346;-0.0182882223847806
1/31/2019 6:29:00 PM;54.29;0.152898550724638;37.4610459100178;-0.713240673006585
1/31/2019 6:57:00 PM;54.15;0.132608695652174;35.4724468045119;-0.969275786393565
1/31/2019 7:28:00 PM;54.26;0.110144927536232;38.2462766808937;-0.768105340160939
1/31/2019 8:28:00 PM;54.29;0.0666666666666667;39.0162260613206;-0.713240673006585
1/31/2019 9:28:00 PM;54.38;0.0231884057971015;41.3776198246398;-0.548646671543521
1/31/2019 10:00:00 PM;54.42;0;42.4443250716048;-0.475493782004386
2/1/2019 12:00:00 AM;54.3;0.956521739130435;40.0876612146769;-0.20216871898548
2/1/2019 1:00:00 AM;54.4;0.91304347826087;42.9313311668863;-0.0183789744532219
2/1/2019 2:00:00 AM;54.11;0.869565217391304;37.3890336276634;-0.55136923359676
2/1/2019 3:00:00 AM;54.11;0.826086956521739;37.3890336276634;-0.55136923359676
2/1/2019 4:00:00 AM;54.11;0.782608695652174;37.3890336276634;-0.55136923359676
2/1/2019 5:00:00 AM;54.23;0.739130434782609;41.3051262368791;-0.330821540158059
2/1/2019 6:00:00 AM;54.13;0.695652173913043;39.1098358429551;-0.514611284690303
2/1/2019 7:00:00 AM;54.13;0.652173913043478;39.1098358429551;-0.514611284690303
2/1/2019 8:00:00 AM;54.25;0.608695652173913;43.303511131663;-0.294063591251602
2/1/2019 9:00:00 AM;53.93;0.565217391304348;36.1528855593578;-0.882190773754819
2/1/2019 10:00:00 AM;53.95;0.521739130434783;36.8547069651437;-0.845432824848362
2/1/2019 11:00:00 AM;54.2;0.478260869565217;44.9940557107617;-0.385958463517724
2/1/2019 12:00:00 PM;54.19;0.434782608695652;44.7456030146085;-0.404337437970959
2/1/2019 1:00:00 PM;54.14;0.391304347826087;43.4535841239094;-0.496232310237081
2/1/2019 1:41:00 PM;54.41;0.361594202898551;51.583568619289;0
2/1/2019 2:15:00 PM;54.56;0.33695652173913;55.4184503375168;0.275684616798393
2/1/2019 2:40:00 PM;54.96;0.318840579710145;63.6799525003189;1.01084359492741
2/1/2019 3:08:00 PM;54.67;0.298550724637681;55.6309343862591;0.477853335783873
2/1/2019 3:51:00 PM;54.94;0.267391304347826;60.6215002322139;0.974085646020954
2/1/2019 4:21:00 PM;55.04;0.245652173913043;62.3122921050678;1.15787539055321
2/1/2019 4:50:00 PM;54.95;0.22463768115942;59.822722067737;0.992464620474189
2/1/2019 5:36:00 PM;55.45;0.191304347826087;67.573753238089;1.91141334313546
2/1/2019 6:09:00 PM;55.95;0.167391304347826;73.1517647046294;2.83036206579674
2/1/2019 6:40:00 PM;55.76;0.144927536231884;68.3408115188318;2.48116155118545
2/1/2019 7:20:00 PM;55.4;0.115942028985507;60.2548459602157;1.81951847086933
2/1/2019 7:55:00 PM;55.75;0.0905797101449275;64.6357741820282;2.46278257673222
2/1/2019 8:55:00 PM;55.74;0.0471014492753623;64.4172995047105;2.444403602279
2/1/2019 9:55:00 PM;55.73;0.0036231884057971;64.1836648045108;2.42602462782577
2/1/2019 10:00:00 PM;55.77;0;64.734634729012;2.49954052563868
2/4/2019 12:00:00 AM;55.63;0.956521739130435;61.1868476037863;-0.16152189519023
2/4/2019 1:00:00 AM;55.62;0.91304347826087;60.9299804709257;-0.179468772433599
2/4/2019 2:00:00 AM;55.6;0.869565217391304;60.3839876550511;-0.215362526920311
2/4/2019 3:00:00 AM;55.76;0.826086956521739;63.2232401957728;0.0717875089734371
2/4/2019 4:00:00 AM;55.59;0.782608695652174;58.4314932782356;-0.233309404163667
2/4/2019 5:00:00 AM;55.64;0.739130434782609;59.4059997745308;-0.143575017946874
2/4/2019 6:00:00 AM;55.54;0.695652173913043;56.5505668886023;-0.323043790380473
2/4/2019 7:00:00 AM;55.65;0.652173913043478;58.8913043893014;-0.125628140703518
2/4/2019 8:00:00 AM;55.91;0.608695652173913;63.8487430226154;0.340990667623829
2/4/2019 9:00:00 AM;55.78;0.565217391304348;59.9555349081569;0.107681263460162
2/4/2019 10:00:00 AM;55.96;0.521739130434783;63.2930089050937;0.430725053840635
2/4/2019 11:00:00 AM;55.74;0.478260869565217;57.0360968493445;0.0358937544867249
2/4/2019 12:00:00 PM;55.55;0.434782608695652;52.2335718225227;-0.305096913137117
2/4/2019 1:00:00 PM;55.28;0.391304347826087;46.2711222571334;-0.789662598707821
2/4/2019 2:00:00 PM;54.96;0.347826086956522;40.3869314330693;-1.36396267049533
2/4/2019 2:27:00 PM;54.51;0.328260869565217;33.8650152920687;-2.17157214644652
2/4/2019 3:01:00 PM;54.23;0.303623188405797;30.5583210198124;-2.67408470926059
2/4/2019 3:12:00 PM;54.02;0.295652173913043;28.3244876387682;-3.05096913137113
2/4/2019 3:38:00 PM;54.33;0.276811594202899;35.7867885951511;-2.49461593682699
2/4/2019 4:14:00 PM;54.47;0.250724637681159;38.8815373779057;-2.24335965541996
2/4/2019 4:48:00 PM;54.53;0.226086956521739;40.211461448456;-2.13567839195979
2/4/2019 5:48:00 PM;54.73;0.182608695652174;44.5432964344275;-1.77674084709261
2/4/2019 6:48:00 PM;54.98;0.139130434782609;49.471463093066;-1.32806891600862
2/4/2019 7:36:00 PM;55;0.104347826086957;49.85537395752;-1.29217516152189
2/4/2019 8:36:00 PM;55.12;0.0608695652173913;52.2019765762037;-1.07681263460158
2/4/2019 9:36:00 PM;55.15;0.0173913043478261;52.796696164121;-1.0229720028715
2/4/2019 10:00:00 PM;55.24;0;54.6208626760707;-0.861450107681258
2/5/2019 12:00:00 AM;55.14;0.956521739130435;52.2067320545262;-0.217155266015196
2/5/2019 1:00:00 AM;55.08;0.91304347826087;50.7571741168565;-0.325732899022801
2/5/2019 2:00:00 AM;55.21;0.869565217391304;53.7533424183391;-0.0904813608396619
2/5/2019 3:00:00 AM;55.2;0.826086956521739;53.4837631283885;-0.108577633007592
2/5/2019 4:00:00 AM;55.21;0.782608695652174;53.7336428653978;-0.0904813608396619
2/5/2019 5:00:00 AM;55.26;0.739130434782609;55.0342990849064;0
2/5/2019 6:00:00 AM;55.16;0.695652173913043;51.8922402340206;-0.180962721679337
2/5/2019 7:00:00 AM;55.13;0.652173913043478;50.9524054696923;-0.235251538183126
2/5/2019 8:00:00 AM;55.08;0.608695652173913;49.3482220306383;-0.325732899022801
2/5/2019 9:00:00 AM;54.82;0.565217391304348;41.9517090804068;-0.796235975389066
2/5/2019 9:24:00 AM;55.47;0.547826086956522;58.6413381023141;0.380021715526603
2/5/2019 10:24:00 AM;55.51;0.504347826086957;59.4146555343216;0.452406804198335
2/5/2019 11:24:00 AM;55.5;0.460869565217391;59.1170583428495;0.434310532030405
2/5/2019 12:05:00 PM;54.81;0.431159420289855;43.0821525421625;-0.814332247556996
2/5/2019 12:49:00 PM;54.74;0.399275362318841;41.8422092122029;-0.94100615273253
2/5/2019 1:33:00 PM;54.44;0.367391304347826;36.9358390576311;-1.48389431777054
2/5/2019 2:10:00 PM;54.24;0.340579710144928;34.0678112368978;-1.8458197611292
2/5/2019 2:36:00 PM;54.39;0.321739130434783;37.9588130686155;-1.5743756786102
2/5/2019 3:03:00 PM;54.92;0.302173913043478;49.3359533011733;-0.615273253709729
2/5/2019 3:32:00 PM;54.74;0.281159420289855;46.2349332985398;-0.94100615273253
2/5/2019 4:03:00 PM;54.74;0.258695652173913;46.2349332985398;-0.94100615273253
2/5/2019 4:30:00 PM;54.15;0.239130434782609;37.3181200000312;-2.00868621064061
2/5/2019 5:22:00 PM;54.25;0.201449275362319;39.4496372848719;-1.82772348896127
2/5/2019 6:17:00 PM;54;0.161594202898551;36.140842660475;-2.28013029315961
2/5/2019 7:15:00 PM;54.31;0.119565217391304;42.5729019137276;-1.71914585595367
2/5/2019 8:15:00 PM;54.09;0.0760869565217391;39.5299259347653;-2.1172638436482
2/5/2019 9:15:00 PM;54.1;0.0326086956521739;39.7407649053306;-2.09916757148027
2/5/2019 10:00:00 PM;54.12;0;40.1899232014149;-2.06297502714441
2/6/2019 12:00:00 AM;54.19;0.956521739130435;41.8243657720067;0.110844263809339
2/6/2019 1:00:00 AM;54.08;0.91304347826087;39.9756499123485;-0.0923702198411311
2/6/2019 2:00:00 AM;54.14;0.869565217391304;41.4947244377449;0.018474043968221
2/6/2019 3:00:00 AM;54.12;0.826086956521739;41.1211473206035;-0.0184740439682341
2/6/2019 4:00:00 AM;54.02;0.782608695652174;39.2198585120567;-0.20321448365047
2/6/2019 5:00:00 AM;54.12;0.739130434782609;42.1027322449367;-0.0184740439682341
2/6/2019 6:00:00 AM;54.13;0.695652173913043;42.3969669855368;0
2/6/2019 7:00:00 AM;54.03;0.652173913043478;40.1970094065715;-0.184740439682249
2/6/2019 8:00:00 AM;53.88;0.608695652173913;37.0882190283814;-0.461851099205616
2/6/2019 9:00:00 AM;53.88;0.565217391304348;37.0882190283814;-0.461851099205616
2/6/2019 10:00:00 AM;53.55;0.521739130434783;30.9758099245252;-1.07149455015704
2/6/2019 11:00:00 AM;53.7;0.478260869565217;36.1286266053326;-0.794383890633659
2/6/2019 12:00:00 PM;53.58;0.434782608695652;33.9453992511212;-1.01607241825236
2/6/2019 1:00:00 PM;53.99;0.391304347826087;45.9609234961961;-0.258636615555146
2/6/2019 2:00:00 PM;54.17;0.347826086956522;50.2403929067232;0.073896175872897
2/6/2019 2:37:00 PM;53.65;0.321014492753623;40.3091946635787;-0.88675411047479
2/6/2019 3:11:00 PM;53.47;0.296376811594203;37.542711064108;-1.21928690190283
2/6/2019 3:36:00 PM;54;0.278260869565217;48.7057134999749;-0.240162571586925
2/6/2019 3:54:00 PM;54.3;0.265217391304348;53.7451840982442;0.314058747459809
2/6/2019 4:09:00 PM;54.53;0.254347826086957;57.2156821079536;0.738961758728983
2/6/2019 4:30:00 PM;54.48;0.239130434782609;56.2280063824834;0.646591538887852
2/6/2019 5:01:00 PM;54.46;0.216666666666667;55.8129766977349;0.60964345095141
2/6/2019 6:01:00 PM;54.43;0.173188405797101;55.155334098619;0.554221319046734
2/6/2019 7:01:00 PM;54.45;0.129710144927536;55.531518235396;0.591169406983189
2/6/2019 7:39:00 PM;54.33;0.102173913043478;52.6762901927182;0.369480879364485
2/6/2019 8:39:00 PM;54.38;0.058695652173913;53.7434943697791;0.461851099205616
2/6/2019 9:39:00 PM;54.4;0.0152173913043478;54.1885227473264;0.498799187142058
2/6/2019 10:00:00 PM;54.3;0;51.5195646492979;0.314058747459809
2/7/2019 12:00:00 AM;54.35;0.956521739130435;52.7720937475468;0.0184026499815937
2/7/2019 1:00:00 AM;54.24;0.91304347826087;49.7281872663599;-0.184026499815976
2/7/2019 2:00:00 AM;54.22;0.869565217391304;49.1728278264569;-0.220831799779177
2/7/2019 3:00:00 AM;54.25;0.826086956521739;50.0735241380533;-0.165623849834382
2/7/2019 4:00:00 AM;54.3;0.782608695652174;51.6125592288552;-0.0736105999264009
2/7/2019 5:00:00 AM;54.27;0.739130434782609;50.6045986919542;-0.128818549871182
2/7/2019 6:00:00 AM;54.22;0.695652173913043;48.8908423010851;-0.220831799779177
2/7/2019 7:00:00 AM;54.17;0.652173913043478;47.1705023042714;-0.312845049687158
2/7/2019 8:00:00 AM;53.97;0.608695652173913;40.961680351566;-0.68089804931911
2/7/2019 9:00:00 AM;54.28;0.565217391304348;51.5965345999993;-0.110415899889588
2/7/2019 10:00:00 AM;54.52;0.521739130434783;57.9168661229824;0.331247699668752
2/7/2019 10:31:00 AM;54.13;0.499275362318841;47.1440682989768;-0.386455649613546
2/7/2019 11:31:00 AM;54.05;0.455797101449275;45.2833852363351;-0.533676849466335
2/7/2019 12:31:00 PM;54.05;0.41231884057971;45.2833852363351;-0.533676849466335
2/7/2019 1:13:00 PM;53.56;0.381884057971014;35.3676127480654;-1.4354066985646
2/7/2019 2:03:00 PM;53.94;0.345652173913043;45.3600253205037;-0.736105999263904
2/7/2019 2:33:00 PM;53.93;0.323913043478261;45.1621480837374;-0.754508649245498
2/7/2019 2:57:00 PM;53.7;0.306521739130435;40.7581279432721;-1.17776959882223
2/7/2019 3:25:00 PM;53.7;0.286231884057971;40.7581279432721;-1.17776959882223
2/7/2019 3:55:00 PM;53.44;0.264492753623188;36.1380028696166;-1.65623849834377
2/7/2019 4:03:00 PM;52.93;0.258695652173913;29.15640292843;-2.59477364740523
2/7/2019 4:18:00 PM;52.85;0.247826086956522;28.2349311504088;-2.74199484725801
2/7/2019 4:39:00 PM;52.63;0.232608695652174;25.8183877906885;-3.14685314685315
2/7/2019 5:01:00 PM;52.25;0.216666666666667;22.2725180488163;-3.84615384615385
2/7/2019 5:35:00 PM;52.64;0.192028985507246;32.5162572497555;-3.12845049687155
2/7/2019 6:35:00 PM;52.67;0.148550724637681;33.2450577633137;-3.07324254692676
2/7/2019 7:25:00 PM;52.96;0.11231884057971;39.9916242855149;-2.53956569746044
2/7/2019 8:25:00 PM;53.07;0.0688405797101449;42.3707727784099;-2.33713654766287
2/7/2019 9:25:00 PM;53;0.0253623188405797;41.2499846881851;-2.46595509753405
2/7/2019 10:00:00 PM;53.01;0;41.4881003512759;-2.44755244755246
2/8/2019 12:00:00 AM;52.89;0.956521739130435;39.4232059440769;-0.188714851858844
2/8/2019 1:00:00 AM;52.99;0.91304347826087;42.0132463032073;0
2/8/2019 2:00:00 AM;52.7;0.869565217391304;37.0640387318997;-0.547273070390638
2/8/2019 3:00:00 AM;52.77;0.826086956521739;38.9340042452097;-0.415172674089449
2/8/2019 4:00:00 AM;52.58;0.782608695652174;35.8227606016214;-0.773730892621256
2/8/2019 5:00:00 AM;52.65;0.739130434782609;37.7949988426574;-0.641630496320067
2/8/2019 6:00:00 AM;52.69;0.695652173913043;38.9495517394648;-0.566144555576532
2/8/2019 7:00:00 AM;52.62;0.652173913043478;37.633169361828;-0.698244951877721
2/8/2019 8:00:00 AM;52.65;0.608695652173913;38.5910668761983;-0.641630496320067
2/8/2019 9:00:00 AM;52.84;0.565217391304348;44.4140730875789;-0.283072277788259
2/8/2019 10:00:00 AM;53;0.521739130434783;48.8156095303726;0.0188714851858804
2/8/2019 11:00:00 AM;52.95;0.478260869565217;47.5485090415075;-0.0754859407435349
2/8/2019 12:00:00 PM;52.66;0.434782608695652;40.9149441532092;-0.622759011134186
2/8/2019 1:00:00 PM;52.74;0.391304347826087;43.2663493866367;-0.471787129647103
2/8/2019 1:49:00 PM;53.16;0.355797101449275;53.6870371359295;0.32081524816002
2/8/2019 2:31:00 PM;53.33;0.32536231884058;57.1201876459174;0.641630496320053
2/8/2019 2:58:00 PM;52.95;0.305797101449275;48.4707245861905;-0.0754859407435349
2/8/2019 3:31:00 PM;53.11;0.281884057971015;51.7815325775222;0.226457822230605
2/8/2019 4:02:00 PM;53.11;0.259420289855072;51.7815325775222;0.226457822230605
2/8/2019 4:35:00 PM;52.97;0.235507246376812;48.6119613015558;-0.0377429703717742
2/8/2019 5:01:00 PM;52.98;0.216666666666667;48.852787781316;-0.0188714851858938
2/8/2019 6:01:00 PM;53.03;0.173188405797101;50.1117003932884;0.0754859407435349
2/8/2019 7:01:00 PM;53.12;0.129710144927536;52.3835911467763;0.245329307416485
2/8/2019 8:01:00 PM;53.12;0.086231884057971;52.3835911467763;0.245329307416485
2/8/2019 9:01:00 PM;53.1;0.0427536231884058;51.7759133561185;0.207586337044724
2/8/2019 10:00:00 PM;53.11;0;52.0752724367912;0.226457822230605
2/11/2019 12:00:00 AM;52.89;0.956521739130435;45.3983563366766;-0.320392009046366
2/11/2019 1:00:00 AM;52.8;0.91304347826087;42.9710486427967;-0.49001130795327
2/11/2019 1:45:00 AM;52.33;0.880434782608696;33.0370165991356;-1.37580098002262
2/11/2019 2:45:00 AM;52.56;0.83695652173913;40.309302132022;-0.942329438371655
2/11/2019 3:45:00 AM;52.47;0.793478260869565;38.5452696693142;-1.11194873727856
2/11/2019 4:45:00 AM;52.44;0.75;37.9491049656474;-1.16848850358086
2/11/2019 5:45:00 AM;52.4;0.706521739130435;37.1246239603596;-1.24387485865059
2/11/2019 6:45:00 AM;52.63;0.66304347826087;44.5804329591568;-0.810403316999623
2/11/2019 7:45:00 AM;52.58;0.619565217391304;43.3762484991437;-0.904636260836796
2/11/2019 8:23:00 AM;52.69;0.592028985507246;46.782012478527;-0.697323784395033
2/11/2019 9:23:00 AM;52.78;0.548550724637681;49.4604515616195;-0.527704485488129
2/11/2019 10:23:00 AM;52.88;0.505072463768116;52.3312285678356;-0.339238597813795
2/11/2019 11:23:00 AM;52.75;0.461594202898551;48.476223801974;-0.58424425179043
2/11/2019 12:23:00 PM;52.63;0.418115942028986;45.1685497069411;-0.810403316999623
2/11/2019 1:23:00 PM;52.82;0.37463768115942;50.8830983238851;-0.452318130418398
2/11/2019 2:10:00 PM;52.41;0.340579710144928;40.9622107974028;-1.22502826988316
2/11/2019 2:22:00 PM;51.95;0.331884057971015;33.1522530400223;-2.09197135318507
2/11/2019 2:41:00 PM;51.9;0.318115942028986;32.4285022620206;-2.18620429702225
2/11/2019 3:02:00 PM;52.01;0.302898550724638;35.7516186335143;-1.97889182058048
2/11/2019 3:25:00 PM;52.13;0.286231884057971;39.2609413359022;-1.75273275537128
2/11/2019 4:07:00 PM;51.97;0.255797101449275;36.4056323379857;-2.05427817565021
2/11/2019 4:32:00 PM;52.11;0.23768115942029;40.4842856604972;-1.79042593290615
2/11/2019 5:17:00 PM;52.21;0.205072463768116;43.2824440569397;-1.60196004523182
2/11/2019 6:09:00 PM;52.54;0.167391304347826;51.4024066804003;-0.980022615906527
2/11/2019 7:09:00 PM;52.81;0.123913043478261;56.8460713962484;-0.471164719185827
2/11/2019 7:29:00 PM;52.79;0.109420289855072;56.3426119460619;-0.508857896720699
2/11/2019 8:29:00 PM;52.75;0.0659420289855072;55.2879596963118;-0.58424425179043
2/11/2019 9:29:00 PM;52.8;0.022463768115942;56.3869243351465;-0.49001130795327
2/11/2019 10:00:00 PM;52.85;0;57.5115671842224;-0.395778364116097
2/12/2019 12:00:00 AM;52.82;0.956521739130435;56.5689999338229;-0.0945715906941501
2/12/2019 1:00:00 AM;52.93;0.91304347826087;59.2088496900275;0.113485908832991
2/12/2019 2:00:00 AM;52.94;0.869565217391304;59.4501515194022;0.132400226971818
2/12/2019 3:00:00 AM;53.24;0.826086956521739;65.9564683406655;0.699829771136759
2/12/2019 4:00:00 AM;53.17;0.782608695652174;63.4002473751808;0.567429544164941
2/12/2019 5:00:00 AM;53.16;0.739130434782609;63.0244646530826;0.5485152260261
2/12/2019 6:00:00 AM;53.05;0.695652173913043;58.8895952825192;0.340457726498959
2/12/2019 7:00:00 AM;52.99;0.652173913043478;56.7042915579095;0.226971817665982
2/12/2019 8:00:00 AM;53.02;0.608695652173913;57.5524568228929;0.283714772082477
2/12/2019 9:00:00 AM;53.14;0.565217391304348;60.8557581592065;0.510686589748446
2/12/2019 10:00:00 AM;53.18;0.521739130434783;61.9195606749496;0.586343862303768
2/12/2019 10:55:00 AM;53.52;0.481884057971014;69.5056243277487;1.22943067902403
2/12/2019 11:55:00 AM;53.77;0.438405797101449;73.6605809916667;1.70228863249481
2/12/2019 12:55:00 PM;53.84;0.394927536231884;74.700044446551;1.83468885946663
2/12/2019 1:31:00 PM;54.08;0.368840579710145;77.9177366875765;2.28863249479856
2/12/2019 2:05:00 PM;54.3;0.344202898550725;80.3809339682006;2.70474749385285
2/12/2019 2:32:00 PM;54.24;0.32463768115942;77.8310424034933;2.59126158501987
2/12/2019 3:02:00 PM;54.2;0.302898550724638;76.0978979995842;2.51560431246455
2/12/2019 3:28:00 PM;53.78;0.284057971014493;60.7907752050794;1.72120295063364
2/12/2019 3:55:00 PM;53.74;0.264492753623188;59.5619636212441;1.64554567807831
2/12/2019 4:24:00 PM;53.62;0.243478260869565;55.9106582293748;1.41857386041233
2/12/2019 4:55:00 PM;53.99;0.221014492753623;63.3674421283887;2.11840363154909
2/12/2019 5:39:00 PM;53.85;0.189130434782609;59.2818880447506;1.85360317760545
2/12/2019 6:39:00 PM;54.09;0.145652173913043;63.6129956980208;2.3075468129374
2/12/2019 7:18:00 PM;53.61;0.117391304347826;51.7557319455332;1.39965954227351
2/12/2019 7:59:00 PM;53.58;0.0876811594202899;51.1144528990949;1.34291658785701
2/12/2019 8:59:00 PM;53.48;0.0442028985507246;48.9377650396478;1.1537734064687
2/12/2019 9:59:00 PM;53.73;0.00072463768115942;54.1899270459731;1.62663135993947
2/12/2019 10:00:00 PM;53.74;0;54.3920073222766;1.64554567807831
2/13/2019 12:00:00 AM;53.89;0.956521739130435;57.42579663032;0.260465116279071
2/13/2019 1:00:00 AM;53.84;0.91304347826087;56.0865317755187;0.167441860465123
2/13/2019 2:00:00 AM;54.08;0.869565217391304;60.8109671235582;0.61395348837209
2/13/2019 3:00:00 AM;54;0.826086956521739;58.5497581216876;0.465116279069767
2/13/2019 4:00:00 AM;54.09;0.782608695652174;60.3365992851161;0.63255813953489
2/13/2019 5:00:00 AM;54.04;0.739130434782609;58.8195736145985;0.539534883720929
2/13/2019 6:00:00 AM;53.96;0.695652173913043;56.3771559598125;0.390697674418606
2/13/2019 7:00:00 AM;54.06;0.652173913043478;58.6864803914442;0.576744186046516
2/13/2019 8:00:00 AM;53.9;0.608695652173913;53.7807622403523;0.279069767441858
2/13/2019 9:00:00 AM;53.87;0.565217391304348;52.8880569754193;0.223255813953484
2/13/2019 10:00:00 AM;54.17;0.521739130434783;60.0325618632639;0.781395348837213
2/13/2019 11:00:00 AM;54.08;0.478260869565217;57.2286733707071;0.61395348837209
2/13/2019 12:00:00 PM;54.26;0.434782608695652;61.1380959370494;0.948837209302322
2/13/2019 1:00:00 PM;53.88;0.391304347826087;50.619184197913;0.241860465116284
2/13/2019 2:00:00 PM;54.09;0.347826086956522;55.2058833981987;0.63255813953489
2/13/2019 2:34:00 PM;54.32;0.323188405797101;59.6287828549961;1.06046511627907
2/13/2019 2:57:00 PM;54.37;0.306521739130435;60.5409194989017;1.15348837209302
2/13/2019 3:27:00 PM;54.69;0.284782608695652;65.8576656841135;1.74883720930232
2/13/2019 3:40:00 PM;54.71;0.27536231884058;66.1645226425325;1.78604651162791
2/13/2019 4:04:00 PM;54.74;0.257971014492754;66.6487296702258;1.84186046511628
2/13/2019 4:18:00 PM;54.47;0.247826086956522;58.5303871600945;1.33953488372093
2/13/2019 4:43:00 PM;54.49;0.229710144927536;58.9294642320576;1.37674418604652
2/13/2019 5:26:00 PM;54.59;0.198550724637681;60.9528151574092;1.56279069767443
2/13/2019 6:26:00 PM;54.42;0.155072463768116;55.9100970122586;1.24651162790698
2/13/2019 7:26:00 PM;54.38;0.111594202898551;54.7620844253594;1.17209302325582
2/13/2019 8:26:00 PM;54.38;0.0681159420289855;54.7620844253594;1.17209302325582
2/13/2019 9:26:00 PM;54.41;0.0246376811594203;55.555866841417;1.22790697674418
2/13/2019 10:00:00 PM;54.35;0;53.5326954343798;1.11627906976744
2/14/2019 12:00:00 AM;54.39;0.956521739130435;54.7166491654917;0.055187637969097
2/14/2019 1:00:00 AM;54.44;0.91304347826087;56.2183187372062;0.14716703458425
2/14/2019 2:00:00 AM;54.53;0.869565217391304;58.8627270381979;0.312729948491541
2/14/2019 3:00:00 AM;54.4;0.826086956521739;53.8072472604781;0.073583517292125
2/14/2019 4:00:00 AM;54.57;0.782608695652174;58.7914897774414;0.386313465783666
2/14/2019 5:00:00 AM;54.56;0.739130434782609;58.3923572780047;0.367917586460638
2/14/2019 6:00:00 AM;54.69;0.695652173913043;62.0037247892217;0.607064017660041
2/14/2019 7:00:00 AM;54.82;0.652173913043478;65.2517281437173;0.846210448859457
2/14/2019 8:00:00 AM;54.93;0.608695652173913;67.7628409485406;1.0485651214128
2/14/2019 9:00:00 AM;54.92;0.565217391304348;67.2867884917856;1.03016924208978
2/14/2019 10:00:00 AM;54.79;0.521739130434783;61.2614870965153;0.79102281089036
2/14/2019 11:00:00 AM;54.77;0.478260869565217;60.3658915582063;0.754231052244304
2/14/2019 12:00:00 PM;54.82;0.434782608695652;61.8667937801278;0.846210448859457
2/14/2019 1:00:00 PM;54.73;0.391304347826087;57.6358868155897;0.680647534952166
2/14/2019 1:37:00 PM;54.45;0.364492753623188;46.8917302299465;0.165562913907291
2/14/2019 2:03:00 PM;54.22;0.345652173913043;40.2536945277752;-0.257542310522444
2/14/2019 2:19:00 PM;53.86;0.334057971014493;32.4988849989021;-0.919793966151582
2/14/2019 2:45:00 PM;53.77;0.315217391304348;30.8963860134719;-1.08535688005886
2/14/2019 2:57:00 PM;54.02;0.306521739130435;39.7793325711951;-0.625459896983069
2/14/2019 3:03:00 PM;53.67;0.302173913043478;33.321415675994;-1.26931567328918
2/14/2019 3:32:00 PM;54.01;0.281159420289855;43.0017820328535;-0.64385577630611
2/14/2019 3:52:00 PM;54.24;0.266666666666667;48.4535547984804;-0.220750551876375
2/14/2019 4:22:00 PM;54.35;0.244927536231884;50.8736927419505;-0.018395879323028
2/14/2019 5:02:00 PM;54.63;0.215942028985507;56.4754663868818;0.49668874172186
2/14/2019 6:02:00 PM;54.79;0.172463768115942;59.3293679675013;0.79102281089036
2/14/2019 7:02:00 PM;54.78;0.128985507246377;59.0686765060601;0.772626931567332
2/14/2019 8:02:00 PM;54.95;0.0855072463768116;62.1161815709585;1.08535688005887
2/14/2019 9:02:00 PM;54.92;0.0420289855072464;61.2495223316267;1.03016924208978
2/14/2019 10:00:00 PM;54.87;0;59.7531560871712;0.93818984547461
2/15/2019 12:00:00 AM;54.97;0.956521739130435;61.7650734378191;0.200510390083849
2/15/2019 1:00:00 AM;55.13;0.91304347826087;64.7972826393605;0.492161866569455
2/15/2019 2:00:00 AM;55.04;0.869565217391304;61.8270880439302;0.328107911046299
2/15/2019 3:00:00 AM;54.96;0.826086956521739;59.2281929261729;0.182282172803502
2/15/2019 4:00:00 AM;55.02;0.782608695652174;60.5669932261055;0.291651476485606
2/15/2019 5:00:00 AM;55.08;0.739130434782609;61.9138086126174;0.401020780167698
2/15/2019 6:00:00 AM;54.97;0.695652173913043;58.0025090908731;0.200510390083849
2/15/2019 7:00:00 AM;54.98;0.652173913043478;58.2606585062306;0.218738607364195
2/15/2019 8:00:00 AM;54.89;0.608695652173913;54.9848533301576;0.054684651841052
2/15/2019 9:00:00 AM;54.79;0.565217391304348;51.5186852312732;-0.12759752096245
2/15/2019 10:00:00 AM;54.96;0.521739130434783;56.534948828582;0.182282172803502
2/15/2019 11:00:00 AM;55.03;0.478260869565217;58.4417147552664;0.309879693765953
2/15/2019 12:00:00 PM;54.85;0.434782608695652;52.111091020742;-0.0182282172803464
2/15/2019 12:52:00 PM;55.31;0.397101449275362;63.1090754588332;0.820269777615754
2/15/2019 1:52:00 PM;55.32;0.353623188405797;63.3063612422279;0.838497994896101
2/15/2019 2:31:00 PM;55.78;0.32536231884058;70.9913926388042;1.6769959897922
2/15/2019 3:10:00 PM;55.64;0.297101449275362;66.4312131595102;1.4218009478673
2/15/2019 4:02:00 PM;55.77;0.259420289855072;68.4573747416347;1.65876777251186
2/15/2019 4:53:00 PM;55.99;0.222463768115942;71.5832837545444;2.05978855267955
2/15/2019 5:53:00 PM;55.89;0.178985507246377;68.2713692873403;1.87750637987605
2/15/2019 6:53:00 PM;55.73;0.135507246376812;63.2305715810417;1.58585490339044
2/15/2019 7:49:00 PM;56.14;0.0949275362318841;69.4544031191504;2.3332118118848
2/15/2019 8:49:00 PM;56.13;0.0514492753623188;69.1469740314091;2.31498359460445
2/15/2019 9:49:00 PM;56.15;0.00797101449275362;69.4383386488566;2.35144002916515
2/15/2019 10:00:00 PM;56.2;0;70.1961074616623;2.4425811155669
2/18/2019 12:00:00 AM;56.33;0.947368421052632;72.1309264096428;0.320569902048085
2/18/2019 1:00:00 AM;56.26;0.894736842105263;69.5140726827364;0.195903829029385
2/18/2019 2:00:00 AM;56.32;0.842105263157895;70.5019194625176;0.302760463045417
2/18/2019 3:00:00 AM;56.24;0.789473684210526;67.367452316049;0.160284951024049
2/18/2019 4:00:00 AM;56.17;0.736842105263158;64.6586210363594;0.0356188780053484
2/18/2019 5:00:00 AM;56.24;0.684210526315789;66.1254842292961;0.160284951024049
2/18/2019 6:00:00 AM;56.3;0.631578947368421;67.3754234551791;0.267141585040069
2/18/2019 7:00:00 AM;56.45;0.578947368421053;70.3235890280443;0.53428317008015
2/18/2019 8:00:00 AM;56.44;0.526315789473684;69.8702815280932;0.51647373107747
2/18/2019 9:00:00 AM;56.58;0.473684210526316;72.5391018374505;0.76580587711487
2/18/2019 10:00:00 AM;56.24;0.421052631578947;58.8951709299077;0.160284951024049
2/18/2019 11:00:00 AM;56.37;0.368421052631579;61.8498650929815;0.391807658058769
2/18/2019 12:00:00 PM;56.22;0.315789473684211;56.7783786965809;0.1246660730187
2/18/2019 1:00:00 PM;56.38;0.263157894736842;60.4990198640769;0.40961709706145
2/18/2019 2:00:00 PM;56.55;0.210526315789474;64.0409394157898;0.712377560106854
2/18/2019 3:00:00 PM;56.42;0.157894736842105;59.6371474257541;0.480854853072134
2/18/2019 4:00:00 PM;56.37;0.105263157894737;57.985564708346;0.391807658058769
2/18/2019 5:00:00 PM;56.29;0.0526315789473684;55.344595421085;0.249332146037401
2/18/2019 6:00:00 PM;56.46;0;59.5596392818938;0.552092609082818
2/19/2019 12:00:00 AM;56.27;0.956521739130435;53.4833802409593;-0.336521431101661
2/19/2019 1:00:00 AM;56.25;0.91304347826087;52.8719169961765;-0.371944739638684
2/19/2019 2:00:00 AM;56.12;0.869565217391304;48.9541461588273;-0.602196245129301
2/19/2019 3:00:00 AM;56.12;0.826086956521739;48.9541461588273;-0.602196245129301
2/19/2019 4:00:00 AM;56.13;0.782608695652174;49.2893731396472;-0.584484590860783
2/19/2019 5:00:00 AM;56.21;0.739130434782609;52.004876099719;-0.442791356712717
2/19/2019 6:00:00 AM;56.22;0.695652173913043;52.3483737138762;-0.425079702444212
2/19/2019 7:00:00 AM;56.35;0.652173913043478;56.6880958262484;-0.194828196953594
2/19/2019 8:00:00 AM;56.42;0.608695652173913;58.8606993024303;-0.0708466170740332
2/19/2019 9:00:00 AM;56.33;0.565217391304348;55.0380423709125;-0.230251505490617
2/19/2019 10:00:00 AM;56.43;0.521739130434783;58.2801319217053;-0.053134962805528
2/19/2019 11:00:00 AM;56.49;0.478260869565217;60.1374276043257;0.053134962805528
2/19/2019 12:00:00 PM;56.55;0.434782608695652;61.9611157530855;0.159404888416572
2/19/2019 1:00:00 PM;56.49;0.391304347826087;59.0517219822986;0.053134962805528
2/19/2019 2:00:00 PM;56.22;0.347826086956522;48.1052750842615;-0.425079702444212
2/19/2019 2:06:00 PM;55.82;0.343478260869565;37.1254924640883;-1.13354587318456
2/19/2019 2:28:00 PM;55.75;0.327536231884058;35.594386380809;-1.25752745306412
2/19/2019 2:53:00 PM;56.18;0.309420289855072;49.399574438901;-0.495926319518245
2/19/2019 3:21:00 PM;56.33;0.289130434782609;53.1704811405182;-0.230251505490617
2/19/2019 3:59:00 PM;55.89;0.261594202898551;43.03849107251;-1.009564293305
2/19/2019 4:33:00 PM;56.12;0.23695652173913;48.5568685573798;-0.602196245129301
2/19/2019 5:23:00 PM;56.45;0.200724637681159;55.254886693271;-0.0177116542685052
2/19/2019 6:23:00 PM;56.33;0.157246376811594;52.5742145299726;-0.230251505490617
2/19/2019 7:23:00 PM;56.26;0.113768115942029;51.0192914423828;-0.354233085370179
2/19/2019 8:23:00 PM;56.41;0.0702898550724638;54.1487229961812;-0.0885582713425509
2/19/2019 9:23:00 PM;56.42;0.0268115942028986;54.3580849086736;-0.0708466170740332
2/19/2019 10:00:00 PM;56.43;0;54.581423843118;-0.053134962805528
2/20/2019 12:00:00 AM;56.3;0.956521739130435;51.0820002794019;-0.159602766447958
2/20/2019 1:00:00 AM;56.34;0.91304347826087;52.0996347247539;-0.0886682035821904
2/20/2019 2:00:00 AM;56.31;0.869565217391304;51.2387059796349;-0.14186912573151
2/20/2019 3:00:00 AM;56.61;0.826086956521739;58.6052311233091;0.390140095761658
2/20/2019 4:00:00 AM;56.58;0.782608695652174;57.6670219803667;0.336939173612339
2/20/2019 5:00:00 AM;56.44;0.739130434782609;53.3728893306457;0.0886682035821904
2/20/2019 6:00:00 AM;56.53;0.695652173913043;55.6587763563044;0.248270970030148
2/20/2019 7:00:00 AM;56.47;0.652173913043478;53.766344740991;0.14186912573151
2/20/2019 8:00:00 AM;56.56;0.608695652173913;56.1734746197838;0.301471892179467
2/20/2019 9:00:00 AM;56.36;0.565217391304348;49.949795701678;-0.0532009221493193
2/20/2019 10:00:00 AM;56.23;0.521739130434783;46.3547211259089;-0.283738251463032
2/20/2019 11:00:00 AM;56.29;0.478260869565217;48.2075414093056;-0.177336407164393
2/20/2019 12:00:00 PM;56.06;0.434782608695652;42.1917763309356;-0.585210143642487
2/20/2019 1:00:00 PM;56.07;0.391304347826087;42.5275852120413;-0.567476502926051
2/20/2019 2:00:00 PM;55.91;0.347826086956522;38.6581442774216;-0.851214754389083
2/20/2019 2:17:00 PM;56.09;0.335507246376812;44.7487035888579;-0.532009221493168
2/20/2019 2:47:00 PM;56.22;0.313768115942029;48.7095864429723;-0.301471892179467
2/20/2019 3:10:00 PM;56.49;0.297101449275362;55.7972614726366;0.177336407164393
2/20/2019 3:33:00 PM;56.63;0.280434782608696;58.9637926374827;0.425607377194542
2/20/2019 4:02:00 PM;56.86;0.259420289855072;63.5797519623655;0.833481113672635
2/20/2019 4:10:00 PM;57.29;0.253623188405797;70.304937926441;1.59602766447952
2/20/2019 4:26:00 PM;57.21;0.242028985507246;67.7966585735404;1.45415853874801
2/20/2019 4:49:00 PM;57.31;0.22536231884058;69.2724101886573;1.6314949459124
2/20/2019 5:29:00 PM;57.3;0.196376811594203;68.9322219522743;1.61376130519595
2/20/2019 6:29:00 PM;57.3;0.152898550724638;68.9322219522743;1.61376130519595
2/20/2019 7:21:00 PM;57.14;0.115217391304348;63.1752354397203;1.33002305373293
2/20/2019 8:21:00 PM;57.26;0.0717391304347826;65.5023029616154;1.5428267423302
2/20/2019 9:21:00 PM;57.13;0.0282608695652174;61.0047195099891;1.3122894130165
2/20/2019 10:00:00 PM;57.24;0;63.3009301957509;1.50735946089732
2/21/2019 12:00:00 AM;57.21;0.956521739130435;62.2247716723264;-0.0524109014675072
2/21/2019 1:00:00 AM;57.26;0.91304347826087;63.3433149170984;0.0349406009783299
2/21/2019 2:00:00 AM;57.11;0.869565217391304;57.8126831332677;-0.227113906359194
2/21/2019 3:00:00 AM;57.34;0.826086956521739;63.1286713080565;0.174703004891687
2/21/2019 4:00:00 AM;57.4;0.782608695652174;64.3893098745179;0.279524807826689
2/21/2019 5:00:00 AM;57.42;0.739130434782609;64.8210752291982;0.314465408805031
2/21/2019 6:00:00 AM;57.33;0.695652173913043;61.2237122797942;0.157232704402509
2/21/2019 7:00:00 AM;57.36;0.652173913043478;61.981121789664;0.209643605870016
2/21/2019 8:00:00 AM;57.3;0.608695652173913;59.4788097101634;0.104821802935002
2/21/2019 9:00:00 AM;57.27;0.565217391304348;58.2133186362603;0.0524109014675072
2/21/2019 10:00:00 AM;57.2;0.521739130434783;55.2589743424291;-0.0698812019566722
2/21/2019 11:00:00 AM;57.41;0.478260869565217;61.5614562989531;0.296995108315854
2/21/2019 12:00:00 PM;57.39;0.434782608695652;60.684697265402;0.262054507337524
2/21/2019 1:00:00 PM;57.21;0.391304347826087;53.3239654387157;-0.0524109014675072
2/21/2019 2:00:00 PM;57;0.347826086956522;46.2722624321944;-0.419287211740045
2/21/2019 2:32:00 PM;56.99;0.32463768115942;45.9605727718325;-0.43675751222921
2/21/2019 3:01:00 PM;56.95;0.303623188405797;44.6645596674729;-0.506638714185882
2/21/2019 3:40:00 PM;56.82;0.27536231884058;40.6524001076556;-0.733752620545076
2/21/2019 4:05:00 PM;57.06;0.257246376811594;49.6454399594903;-0.314465408805031
2/21/2019 4:26:00 PM;57.01;0.242028985507246;48.0131147617103;-0.40181691125088
2/21/2019 4:54:00 PM;56.77;0.221739130434783;41.0381637487878;-0.821104122990913
2/21/2019 5:36:00 PM;56.76;0.191304347826087;40.7723846434519;-0.838574423480091
2/21/2019 6:36:00 PM;56.82;0.147826086956522;43.1513546636521;-0.733752620545076
2/21/2019 7:35:00 PM;57;0.105072463768116;49.6811739232366;-0.419287211740045
2/21/2019 8:35:00 PM;56.83;0.0615942028985507;44.4842279983157;-0.716282320055911
2/21/2019 9:35:00 PM;56.78;0.0181159420289855;43.0575962135888;-0.803633822501749
2/21/2019 10:00:00 PM;56.84;0;45.3236553511011;-0.698812019566734
2/22/2019 12:00:00 AM;56.86;0.956521739130435;46.0937393129896;0.0351864883884518
2/22/2019 1:00:00 AM;56.94;0.91304347826087;49.1772231165142;0.175932441942284
2/22/2019 2:00:00 AM;56.82;0.869565217391304;45.0175407147284;-0.0351864883884643
2/22/2019 3:00:00 AM;56.88;0.826086956521739;47.4126859237719;0.0703729767769162
2/22/2019 4:00:00 AM;56.85;0.782608695652174;46.3260412290232;0.0175932441942259
2/22/2019 5:00:00 AM;56.86;0.739130434782609;46.7640286288541;0.0351864883884518
2/22/2019 6:00:00 AM;56.94;0.695652173913043;50.2608317226925;0.175932441942284
2/22/2019 7:00:00 AM;57.12;0.652173913043478;57.0903241818163;0.492610837438413
2/22/2019 8:00:00 AM;57.1;0.608695652173913;56.167503736675;0.457424349049961
2/22/2019 9:00:00 AM;57.14;0.565217391304348;57.6422006343326;0.527797325826877
2/22/2019 10:00:00 AM;57.11;0.521739130434783;56.1172735717656;0.475017593244187
2/22/2019 11:00:00 AM;57.27;0.478260869565217;61.9056006159359;0.756509500351864
2/22/2019 12:00:00 PM;57.47;0.434782608695652;67.6498181839657;1.10837438423645
2/22/2019 1:00:00 PM;57.75;0.391304347826087;73.6421117510461;1.60098522167487
2/22/2019 1:57:00 PM;57.64;0.35;68.2903698813245;1.40745953553835
2/22/2019 2:28:00 PM;57.54;0.327536231884058;63.7543909990264;1.23152709359605
2/22/2019 2:57:00 PM;57.58;0.306521739130435;64.762621485415;1.30190007037297
2/22/2019 3:28:00 PM;57.39;0.284057971014493;56.6952933211567;0.967628430682613
2/22/2019 3:54:00 PM;57.46;0.265217391304348;58.7347697877799;1.09078114004222
2/22/2019 4:30:00 PM;57.32;0.239130434782609;53.3255614040553;0.844475721323006
2/22/2019 5:24:00 PM;57.32;0.2;53.3255614040553;0.844475721323006
2/22/2019 6:24:00 PM;57.35;0.156521739130435;54.3699261403541;0.897255453905697
2/22/2019 7:24:00 PM;57.31;0.11304347826087;52.6774548903127;0.82688247712878
2/22/2019 8:24:00 PM;57.2;0.0695652173913043;48.2310720864353;0.633356790992258
2/22/2019 9:24:00 PM;57.2;0.0260869565217391;48.2310720864353;0.633356790992258
